clip_id,dataset_name,language,model_name,device,compute_type,vad_filter,duration_seconds,runtime_seconds,rtf,cold_model_load_seconds,metric_name,error_rate,normalization_notes,script_normalized,reference_text,hypothesis_text,normalized_reference,normalized_hypothesis,cleaned_metric_name,cleaned_error_rate,cleaned_normalized_reference,cleaned_normalized_hypothesis,prediction_json_path,prediction_txt_path,notes
aishell4_test_001,AISHELL-4,zh-CN,tiny,cpu,int8,true,20.0,2.312372,0.115619,2.844681,CER,0.861111,OpenCC t2s normalization applied before Mandarin CER scoring.,true,零零幺幼儿教幼儿校长 零幺零教师 零幺幺教师 零幺二厨师 零幺三保安 零幺四招生 呃这次啊我要把大家伙儿都叫过来了，咱们把咱那个幼儿园啊咱那个重新再 咱开一次会因为毕竟呃就是。大半年也要呃快过去了，马上这个要呃，接近这个这个咱那个要放假啦,另一條有耳朵 很有零叫吃 另一條叫吃 另一條出現 另一條三寶 另一條四寶 這次我把大家補了 叫回來 把他們的一段眼 拿這個清淑來開一支揮,零零幺幼儿教幼儿校长零幺零教师零幺幺教师零幺二厨师零幺三保安零幺四招生呃这次啊我要把大家伙儿都叫过来了咱们把咱那个幼儿园啊咱那个重新再咱开一次会因为毕竟呃就是大半年也要呃快过去了马上这个要呃接近这个这个咱那个要放假啦,另一条有耳朵很有零叫吃另一条叫吃另一条出现另一条三宝另一条四宝这次我把大家补了叫回来把他们的一段眼拿这个清淑来开一支挥,,,,,experiments/results/asr_predictions_mandarin_meeting_real/tiny__aishell4_test_001.json,experiments/results/asr_predictions_mandarin_meeting_real/tiny__aishell4_test_001.txt,Real faster-whisper inference on the small-subset formal evaluation manifest; model initialization (2.845s) excluded from per-clip runtime and warm RTF; vad_filter=True.
aishell4_test_002,AISHELL-4,zh-CN,tiny,cpu,int8,true,20.0,0.531532,0.026577,2.844681,CER,0.554217,OpenCC t2s normalization applied before Mandarin CER scoring.,true,呃呃，我这边儿呢因为也是进入冬天了咱把大家伙儿叫过来看看来咱幼儿园还有什么呃安全啊，包括呃问题也包括。呃，各个方面的 呃，你们呃的幼儿老师们啊对孩子这块儿嘞学习，还有一些这个呃教育,我这边也就农年了 把大家教过来看看这边 就要一样还有什么安全啊 然后我问起 包括各个方面的 你们有什么对孩子别过来学习 还有一些,呃呃我这边儿呢因为也是进入冬天了咱把大家伙儿叫过来看看来咱幼儿园还有什么呃安全啊包括呃问题也包括呃各个方面的呃你们呃的幼儿老师们啊对孩子这块儿嘞学习还有一些这个呃教育,我这边也就农年了把大家教过来看看这边就要一样还有什么安全啊然后我问起包括各个方面的你们有什么对孩子别过来学习还有一些,,,,,experiments/results/asr_predictions_mandarin_meeting_real/tiny__aishell4_test_002.json,experiments/results/asr_predictions_mandarin_meeting_real/tiny__aishell4_test_002.txt,Real faster-whisper inference on the small-subset formal evaluation manifest; model initialization (2.845s) excluded from per-clip runtime and warm RTF; vad_filter=True.
aishell4_test_003,AISHELL-4,zh-CN,tiny,cpu,int8,true,20.0,2.936899,0.146845,2.844681,CER,0.83871,OpenCC t2s normalization applied before Mandarin CER scoring.,true,咱嗯有没有要套探讨的，包括就是就是那个招生招生，这次就是也是 呃，中途咱有的幼儿园以小学有转幼儿园啦，中途咱要招一批呃 招生这块儿也是工作嗯量也不大但是也需要招一部分，因为咱这班级人员都还没有没有满了,我曾有没有要看的包括个周圣高峰中国人 这次我觉得也是中途来你的业业业的业业 业业业的高音期 周圣的话也就孤磨了,咱嗯有没有要套探讨的包括就是就是那个招生招生这次就是也是呃中途咱有的幼儿园以小学有转幼儿园啦中途咱要招一批呃招生这块儿也是工作嗯量也不大但是也需要招一部分因为咱这班级人员都还没有没有满了,我曾有没有要看的包括个周圣高峰中国人这次我觉得也是中途来你的业业业的业业业业业的高音期周圣的话也就孤磨了,,,,,experiments/results/asr_predictions_mandarin_meeting_real/tiny__aishell4_test_003.json,experiments/results/asr_predictions_mandarin_meeting_real/tiny__aishell4_test_003.txt,Real faster-whisper inference on the small-subset formal evaluation manifest; model initialization (2.845s) excluded from per-clip runtime and warm RTF; vad_filter=True.
aishell4_test_004,AISHELL-4,zh-CN,tiny,cpu,int8,true,20.0,0.570115,0.028506,2.844681,CER,0.5,OpenCC t2s normalization applied before Mandarin CER scoring.,true,包括就是咱那个食堂这边儿，呃，包括呃孩子的一些健康情况 呃还有一些为这这个饮食呃情况包括呃教师这边儿对孩子的一些健康啊 包括一些这个生活起居啦，还有一些这个。呃，教育啦还有一些安全啦,包括南京的市场基本包括安静的一些健康康床 一些位置的历史 情况 包括教授这边对孩子的一些健康了 包括一些生活起居了 还有一些教育了 而且安全了,包括就是咱那个食堂这边儿呃包括呃孩子的一些健康情况呃还有一些为这这个饮食呃情况包括呃教师这边儿对孩子的一些健康啊包括一些这个生活起居啦还有一些这个呃教育啦还有一些安全啦,包括南京的市场基本包括安静的一些健康康床一些位置的历史情况包括教授这边对孩子的一些健康了包括一些生活起居了还有一些教育了而且安全了,,,,,experiments/results/asr_predictions_mandarin_meeting_real/tiny__aishell4_test_004.json,experiments/results/asr_predictions_mandarin_meeting_real/tiny__aishell4_test_004.txt,Real faster-whisper inference on the small-subset formal evaluation manifest; model initialization (2.845s) excluded from per-clip runtime and warm RTF; vad_filter=True.
aishell4_test_005,AISHELL-4,zh-CN,tiny,cpu,int8,true,20.0,0.492413,0.024621,2.844681,CER,0.474359,OpenCC t2s normalization applied before Mandarin CER scoring.,true,呃包括课外活动这块儿，这个都要咱尽说一下，看看有没有什么问题 呃要提问的。呃，呃咱大家都坐在一块儿一一起解决一下 咱家的幼儿园呃整体在。呃呃，不要出现这个呃重大的一些呃事故,包括克拉普通的这个都要咱见说一下 看看有没有什么问题 要提问到 咱大家做来话一起解决一下 咱们一会儿的整体 不要出现了重大感觉,呃包括课外活动这块儿这个都要咱尽说一下看看有没有什么问题呃要提问的呃呃咱大家都坐在一块儿一一起解决一下咱家的幼儿园呃整体在呃呃不要出现这个呃重大的一些呃事故,包括克拉普通的这个都要咱见说一下看看有没有什么问题要提问到咱大家做来话一起解决一下咱们一会儿的整体不要出现了重大感觉,,,,,experiments/results/asr_predictions_mandarin_meeting_real/tiny__aishell4_test_005.json,experiments/results/asr_predictions_mandarin_meeting_real/tiny__aishell4_test_005.txt,Real faster-whisper inference on the small-subset formal evaluation manifest; model initialization (2.845s) excluded from per-clip runtime and warm RTF; vad_filter=True.
aishell4_test_006,AISHELL-4,zh-CN,tiny,cpu,int8,true,20.0,2.754007,0.1377,2.844681,CER,0.672566,OpenCC t2s normalization applied before Mandarin CER scoring.,true,因为年关啦，这个大家啊这个就是都是安全为主。天也冷啦 呃，包括孩子们来的时候儿是否有感冒的情况。呃，咱们这个幼儿老师这边儿一定要及时呃报备 如果发现这个哪个幼儿园有有些生病啦，要及时给他的家长进行联系。呃，是在学校进行就医，还是家长过来接回进行观察,因为凉关了大家都是安全的一种天下的 包括白充门来的时候是我用感冒的情况 咱们一个是这种一定要击时 而包围如果发现的一个HM19接生病了击时,因为年关啦这个大家啊这个就是都是安全为主天也冷啦呃包括孩子们来的时候儿是否有感冒的情况呃咱们这个幼儿老师这边儿一定要及时呃报备如果发现这个哪个幼儿园有有些生病啦要及时给他的家长进行联系呃是在学校进行就医还是家长过来接回进行观察,因为凉关了大家都是安全的一种天下的包括白充门来的时候是我用感冒的情况咱们一个是这种一定要击时而包围如果发现的一个hm19接生病了击时,,,,,experiments/results/asr_predictions_mandarin_meeting_real/tiny__aishell4_test_006.json,experiments/results/asr_predictions_mandarin_meeting_real/tiny__aishell4_test_006.txt,Real faster-whisper inference on the small-subset formal evaluation manifest; model initialization (2.845s) excluded from per-clip runtime and warm RTF; vad_filter=True.
aishell4_test_007,AISHELL-4,zh-CN,tiny,cpu,int8,true,20.0,0.517318,0.025866,2.844681,CER,0.688172,OpenCC t2s normalization applied before Mandarin CER scoring.,true,呃包括这个孩子们在学校呃一些一。呃，出现各种情况，一定要跟家长这块儿做汇报 呃，家长沟通也要给我这边儿也说一下 呃你看下边儿先谁来先说一下咱这个呃情况 嗯那个我说一下儿吧说一下儿这个。呃，明年春季的那个呃,"包括韩英代需要一些主要各种情况 一样的家长就会做会报 家长不用了解,对我的本来说一下 看看下边的家长是一个来前说一下这个情况",呃包括这个孩子们在学校呃一些一呃出现各种情况一定要跟家长这块儿做汇报呃家长沟通也要给我这边儿也说一下呃你看下边儿先谁来先说一下咱这个呃情况嗯那个我说一下儿吧说一下儿这个呃明年春季的那个呃,包括韩英代需要一些主要各种情况一样的家长就会做会报家长不用了解对我的本来说一下看看下边的家长是一个来前说一下这个情况,,,,,experiments/results/asr_predictions_mandarin_meeting_real/tiny__aishell4_test_007.json,experiments/results/asr_predictions_mandarin_meeting_real/tiny__aishell4_test_007.txt,Real faster-whisper inference on the small-subset formal evaluation manifest; model initialization (2.845s) excluded from per-clip runtime and warm RTF; vad_filter=True.
aishell4_test_008,AISHELL-4,zh-CN,tiny,cpu,int8,true,20.0,1.36216,0.068108,2.844681,CER,0.634409,OpenCC t2s normalization applied before Mandarin CER scoring.,true,招生工作怎么去招，看怎么去招生去 那个因为现在这个幼儿园越来越多，然后竞争力也特别的大。所以说那个招生工作一定要提前进行，现在 离过年不到两个月的时间了，这个时间一定要抓紧，如果明年明年过完春节一些那个,"招職工作的模式,看我们是招職 然后现在这作为南各来的作品 然后这都也特别大 所以说招職工作,你可以要去承认,现在离婚年 护到两个月的期待了 这个时间",招生工作怎么去招看怎么去招生去那个因为现在这个幼儿园越来越多然后竞争力也特别的大所以说那个招生工作一定要提前进行现在离过年不到两个月的时间了这个时间一定要抓紧如果明年明年过完春节一些那个,招职工作的模式看我们是招职然后现在这作为南各来的作品然后这都也特别大所以说招职工作你可以要去承认现在离婚年护到两个月的期待了这个时间,,,,,experiments/results/asr_predictions_mandarin_meeting_real/tiny__aishell4_test_008.json,experiments/results/asr_predictions_mandarin_meeting_real/tiny__aishell4_test_008.txt,Real faster-whisper inference on the small-subset formal evaluation manifest; model initialization (2.845s) excluded from per-clip runtime and warm RTF; vad_filter=True.
aishell4_test_009,AISHELL-4,zh-CN,tiny,cpu,int8,true,20.0,2.422027,0.121101,2.844681,CER,0.790909,OpenCC t2s normalization applied before Mandarin CER scoring.,true,呃适适龄儿童就要那个入园儿啦。所以说一定要提提前进行 嗯。就是说这个招生策略，看看是怎么去招生去嗯我建议就是说。以老带新吧 就是找一些班级的孩子，跟他们这个呃亲戚朋友或者同龄人去宣传一下，就说这个幼儿园咱这个幼儿园的优点咱这个办园儿特色,"是第二弧就要立法錄源 所以說一件事,平才能夠成功 就說這個交通策略,他們是怎麼去交通策略 我們在一周說,一兩代是吧,就叫一些扮席的寒絡被扑著",呃适适龄儿童就要那个入园儿啦所以说一定要提提前进行嗯就是说这个招生策略看看是怎么去招生去嗯我建议就是说以老带新吧就是找一些班级的孩子跟他们这个呃亲戚朋友或者同龄人去宣传一下就说这个幼儿园咱这个幼儿园的优点咱这个办园儿特色,是第二弧就要立法录源所以说一件事平才能够成功就说这个交通策略他们是怎么去交通策略我们在一周说一两代是吧就叫一些扮席的寒络被扑著,,,,,experiments/results/asr_predictions_mandarin_meeting_real/tiny__aishell4_test_009.json,experiments/results/asr_predictions_mandarin_meeting_real/tiny__aishell4_test_009.txt,Real faster-whisper inference on the small-subset formal evaluation manifest; model initialization (2.845s) excluded from per-clip runtime and warm RTF; vad_filter=True.
aishell4_test_010,AISHELL-4,zh-CN,tiny,cpu,int8,true,20.0,0.544348,0.027217,2.844681,CER,0.698795,OpenCC t2s normalization applied before Mandarin CER scoring.,true,比如学校的一些环境啦。嗯，老师的那个嗯教学啦，去宣传一下，然后给孩子一些奖励 嗯就说呃就是就是那个啥然后就是说呃再去一些那个小区门口儿 去一些小区门口儿做一些宣传单页儿单页儿上呃,我們學校的一些煩惱 我們拿車的那個帳學了 請宣傳閃閃後給孩子一些獎勵 如何耳機的立法閃閃後證課 再請一些小區滿好,比如学校的一些环境啦嗯老师的那个嗯教学啦去宣传一下然后给孩子一些奖励嗯就说呃就是就是那个啥然后就是说呃再去一些那个小区门口儿去一些小区门口儿做一些宣传单页儿单页儿上呃,我们学校的一些烦恼我们拿车的那个帐学了请宣传闪闪后给孩子一些奖励如何耳机的立法闪闪后证课再请一些小区满好,,,,,experiments/results/asr_predictions_mandarin_meeting_real/tiny__aishell4_test_010.json,experiments/results/asr_predictions_mandarin_meeting_real/tiny__aishell4_test_010.txt,Real faster-whisper inference on the small-subset formal evaluation manifest; model initialization (2.845s) excluded from per-clip runtime and warm RTF; vad_filter=True.
aishell4_test_011,AISHELL-4,zh-CN,tiny,cpu,int8,true,20.0,0.523997,0.0262,2.844681,CER,0.5625,OpenCC t2s normalization applied before Mandarin CER scoring.,true,做的就是咱学校的环境啦，小孩儿一些活动啦。嗯搞每年搞的一些活动啦，小孩子作品啦上的什么课啦做一些宣传单页儿然后去这个小区宣传 嗯或者是或者是或者是近期开展开展一个就是说,"坐著在學校的房子、小孩一些活動 每家搞的一家活動,小孩都坐天啊,上了這麼快了 所以一些生產單人,然後去這個小序宣傳 或者是,或者是",做的就是咱学校的环境啦小孩儿一些活动啦嗯搞每年搞的一些活动啦小孩子作品啦上的什么课啦做一些宣传单页儿然后去这个小区宣传嗯或者是或者是或者是近期开展开展一个就是说,坐著在学校的房子小孩一些活动每家搞的一家活动小孩都坐天啊上了这么快了所以一些生产单人然后去这个小序宣传或者是或者是,,,,,experiments/results/asr_predictions_mandarin_meeting_real/tiny__aishell4_test_011.json,experiments/results/asr_predictions_mandarin_meeting_real/tiny__aishell4_test_011.txt,Real faster-whisper inference on the small-subset formal evaluation manifest; model initialization (2.845s) excluded from per-clip runtime and warm RTF; vad_filter=True.
aishell4_test_012,AISHELL-4,zh-CN,tiny,cpu,int8,true,20.0,0.536045,0.026802,2.844681,CER,0.793478,OpenCC t2s normalization applied before Mandarin CER scoring.,true,呃，一一个活动吧，就是让一些有意向的家长带着孩子来幼儿园进行参观 嗯因为说的再好，因为说的再好这个 这个家长他没见到他肯定他他人家不能光听宣传，然后就叫他们带着孩子来学校。呃体验一下，看看咱学校的环境,"我说的战号,因为我说的战号,就是这个战号,他们一战,他肯论,他就不能挂出身材,然后就叫他们战号战号战号战号",呃一一个活动吧就是让一些有意向的家长带着孩子来幼儿园进行参观嗯因为说的再好因为说的再好这个这个家长他没见到他肯定他他人家不能光听宣传然后就叫他们带着孩子来学校呃体验一下看看咱学校的环境,我说的战号因为我说的战号就是这个战号他们一战他肯论他就不能挂出身材然后就叫他们战号战号战号战号,,,,,experiments/results/asr_predictions_mandarin_meeting_real/tiny__aishell4_test_012.json,experiments/results/asr_predictions_mandarin_meeting_real/tiny__aishell4_test_012.txt,Real faster-whisper inference on the small-subset formal evaluation manifest; model initialization (2.845s) excluded from per-clip runtime and warm RTF; vad_filter=True.
aishell4_test_001,AISHELL-4,zh-CN,base,cpu,int8,true,20.0,6.443006,0.32215,0.401042,CER,0.814815,OpenCC t2s normalization applied before Mandarin CER scoring.,true,零零幺幼儿教幼儿校长 零幺零教师 零幺幺教师 零幺二厨师 零幺三保安 零幺四招生 呃这次啊我要把大家伙儿都叫过来了，咱们把咱那个幼儿园啊咱那个重新再 咱开一次会因为毕竟呃就是。大半年也要呃快过去了，马上这个要呃，接近这个这个咱那个要放假啦,明天一晚上就有晚上就 明天一晚上就行 明天一晚上就行 明天三宝啊 明天一晚上就行 这次啊我把大家有可能都叫过来 把他那个一元啊 那这个清新的 在开计师会 因为,零零幺幼儿教幼儿校长零幺零教师零幺幺教师零幺二厨师零幺三保安零幺四招生呃这次啊我要把大家伙儿都叫过来了咱们把咱那个幼儿园啊咱那个重新再咱开一次会因为毕竟呃就是大半年也要呃快过去了马上这个要呃接近这个这个咱那个要放假啦,明天一晚上就有晚上就明天一晚上就行明天一晚上就行明天三宝啊明天一晚上就行这次啊我把大家有可能都叫过来把他那个一元啊那这个清新的在开计师会因为,,,,,experiments/results/asr_predictions_mandarin_meeting_real/base__aishell4_test_001.json,experiments/results/asr_predictions_mandarin_meeting_real/base__aishell4_test_001.txt,Real faster-whisper inference on the small-subset formal evaluation manifest; model initialization (0.401s) excluded from per-clip runtime and warm RTF; vad_filter=True.
aishell4_test_002,AISHELL-4,zh-CN,base,cpu,int8,true,20.0,0.848482,0.042424,0.401042,CER,0.481928,OpenCC t2s normalization applied before Mandarin CER scoring.,true,呃呃，我这边儿呢因为也是进入冬天了咱把大家伙儿叫过来看看来咱幼儿园还有什么呃安全啊，包括呃问题也包括。呃，各个方面的 呃，你们呃的幼儿老师们啊对孩子这块儿嘞学习，还有一些这个呃教育,我这边就冻天了 把大家教过来看看 幼儿圆还有什么安全的 包括问起 包括各个方面的 幼儿圆吃饭 对孩子的学习 还有一些这个,呃呃我这边儿呢因为也是进入冬天了咱把大家伙儿叫过来看看来咱幼儿园还有什么呃安全啊包括呃问题也包括呃各个方面的呃你们呃的幼儿老师们啊对孩子这块儿嘞学习还有一些这个呃教育,我这边就冻天了把大家教过来看看幼儿圆还有什么安全的包括问起包括各个方面的幼儿圆吃饭对孩子的学习还有一些这个,,,,,experiments/results/asr_predictions_mandarin_meeting_real/base__aishell4_test_002.json,experiments/results/asr_predictions_mandarin_meeting_real/base__aishell4_test_002.txt,Real faster-whisper inference on the small-subset formal evaluation manifest; model initialization (0.401s) excluded from per-clip runtime and warm RTF; vad_filter=True.
aishell4_test_003,AISHELL-4,zh-CN,base,cpu,int8,true,20.0,0.905553,0.045278,0.401042,CER,0.677419,OpenCC t2s normalization applied before Mandarin CER scoring.,true,咱嗯有没有要套探讨的，包括就是就是那个招生招生，这次就是也是 呃，中途咱有的幼儿园以小学有转幼儿园啦，中途咱要招一批呃 招生这块儿也是工作嗯量也不大但是也需要招一部分，因为咱这班级人员都还没有没有满了,但是有沒有要探討的 包括就是 就是 中中這次就是 也是中途律 但是有的 幼兒園已經 小的優勞 幼兒園的公主大家有的高一些 中中這話也就是公論,咱嗯有没有要套探讨的包括就是就是那个招生招生这次就是也是呃中途咱有的幼儿园以小学有转幼儿园啦中途咱要招一批呃招生这块儿也是工作嗯量也不大但是也需要招一部分因为咱这班级人员都还没有没有满了,但是有没有要探讨的包括就是就是中中这次就是也是中途律但是有的幼儿园已经小的优劳幼儿园的公主大家有的高一些中中这话也就是公论,,,,,experiments/results/asr_predictions_mandarin_meeting_real/base__aishell4_test_003.json,experiments/results/asr_predictions_mandarin_meeting_real/base__aishell4_test_003.txt,Real faster-whisper inference on the small-subset formal evaluation manifest; model initialization (0.401s) excluded from per-clip runtime and warm RTF; vad_filter=True.
aishell4_test_004,AISHELL-4,zh-CN,base,cpu,int8,true,20.0,0.800304,0.040015,0.401042,CER,0.52381,OpenCC t2s normalization applied before Mandarin CER scoring.,true,包括就是咱那个食堂这边儿，呃，包括呃孩子的一些健康情况 呃还有一些为这这个饮食呃情况包括呃教师这边儿对孩子的一些健康啊 包括一些这个生活起居啦，还有一些这个。呃，教育啦还有一些安全啦,包括一些健康企划 一些饮食 包括教师这边对孩子的健康了 包括一些生活企举了 还有一些教育 还有一些安全了,包括就是咱那个食堂这边儿呃包括呃孩子的一些健康情况呃还有一些为这这个饮食呃情况包括呃教师这边儿对孩子的一些健康啊包括一些这个生活起居啦还有一些这个呃教育啦还有一些安全啦,包括一些健康企划一些饮食包括教师这边对孩子的健康了包括一些生活企举了还有一些教育还有一些安全了,,,,,experiments/results/asr_predictions_mandarin_meeting_real/base__aishell4_test_004.json,experiments/results/asr_predictions_mandarin_meeting_real/base__aishell4_test_004.txt,Real faster-whisper inference on the small-subset formal evaluation manifest; model initialization (0.401s) excluded from per-clip runtime and warm RTF; vad_filter=True.
aishell4_test_005,AISHELL-4,zh-CN,base,cpu,int8,true,20.0,0.824729,0.041236,0.401042,CER,0.576923,OpenCC t2s normalization applied before Mandarin CER scoring.,true,呃包括课外活动这块儿，这个都要咱尽说一下，看看有没有什么问题 呃要提问的。呃，呃咱大家都坐在一块儿一一起解决一下 咱家的幼儿园呃整体在。呃呃，不要出现这个呃重大的一些呃事故,包括客外公共流行 都要担心说一下 看完有没有什么问题 要提问到大家做才可以一起紧张一下 担当的立法员 总体不要出现这种大担心,呃包括课外活动这块儿这个都要咱尽说一下看看有没有什么问题呃要提问的呃呃咱大家都坐在一块儿一一起解决一下咱家的幼儿园呃整体在呃呃不要出现这个呃重大的一些呃事故,包括客外公共流行都要担心说一下看完有没有什么问题要提问到大家做才可以一起紧张一下担当的立法员总体不要出现这种大担心,,,,,experiments/results/asr_predictions_mandarin_meeting_real/base__aishell4_test_005.json,experiments/results/asr_predictions_mandarin_meeting_real/base__aishell4_test_005.txt,Real faster-whisper inference on the small-subset formal evaluation manifest; model initialization (0.401s) excluded from per-clip runtime and warm RTF; vad_filter=True.
aishell4_test_006,AISHELL-4,zh-CN,base,cpu,int8,true,20.0,0.864573,0.043229,0.401042,CER,0.646018,OpenCC t2s normalization applied before Mandarin CER scoring.,true,因为年关啦，这个大家啊这个就是都是安全为主。天也冷啦 呃，包括孩子们来的时候儿是否有感冒的情况。呃，咱们这个幼儿老师这边儿一定要及时呃报备 如果发现这个哪个幼儿园有有些生病啦，要及时给他的家长进行联系。呃，是在学校进行就医，还是家长过来接回进行观察,因为年关了 大家都是安全为主 天液等 包括来的时候 是我有感冒的情况 我们一二十六点 一定会及时 包备 如果八点一个人也有一点生病了 及时,因为年关啦这个大家啊这个就是都是安全为主天也冷啦呃包括孩子们来的时候儿是否有感冒的情况呃咱们这个幼儿老师这边儿一定要及时呃报备如果发现这个哪个幼儿园有有些生病啦要及时给他的家长进行联系呃是在学校进行就医还是家长过来接回进行观察,因为年关了大家都是安全为主天液等包括来的时候是我有感冒的情况我们一二十六点一定会及时包备如果八点一个人也有一点生病了及时,,,,,experiments/results/asr_predictions_mandarin_meeting_real/base__aishell4_test_006.json,experiments/results/asr_predictions_mandarin_meeting_real/base__aishell4_test_006.txt,Real faster-whisper inference on the small-subset formal evaluation manifest; model initialization (0.401s) excluded from per-clip runtime and warm RTF; vad_filter=True.
aishell4_test_007,AISHELL-4,zh-CN,base,cpu,int8,true,20.0,0.832992,0.04165,0.401042,CER,0.602151,OpenCC t2s normalization applied before Mandarin CER scoring.,true,呃包括这个孩子们在学校呃一些一。呃，出现各种情况，一定要跟家长这块儿做汇报 呃，家长沟通也要给我这边儿也说一下 呃你看下边儿先谁来先说一下咱这个呃情况 嗯那个我说一下儿吧说一下儿这个。呃，明年春季的那个呃,包括韩语大学要出现各种情话一样的家长 对话都会不好 家长不重要 给我这边说一下 你看下边先谁来先说一下的情话 我说一下,呃包括这个孩子们在学校呃一些一呃出现各种情况一定要跟家长这块儿做汇报呃家长沟通也要给我这边儿也说一下呃你看下边儿先谁来先说一下咱这个呃情况嗯那个我说一下儿吧说一下儿这个呃明年春季的那个呃,包括韩语大学要出现各种情话一样的家长对话都会不好家长不重要给我这边说一下你看下边先谁来先说一下的情话我说一下,,,,,experiments/results/asr_predictions_mandarin_meeting_real/base__aishell4_test_007.json,experiments/results/asr_predictions_mandarin_meeting_real/base__aishell4_test_007.txt,Real faster-whisper inference on the small-subset formal evaluation manifest; model initialization (0.401s) excluded from per-clip runtime and warm RTF; vad_filter=True.
aishell4_test_008,AISHELL-4,zh-CN,base,cpu,int8,true,20.0,0.931609,0.04658,0.401042,CER,0.505376,OpenCC t2s normalization applied before Mandarin CER scoring.,true,招生工作怎么去招，看怎么去招生去 那个因为现在这个幼儿园越来越多，然后竞争力也特别的大。所以说那个招生工作一定要提前进行，现在 离过年不到两个月的时间了，这个时间一定要抓紧，如果明年明年过完春节一些那个,招窗工作怎么是招 看怎么是招窗前 因为现在这个幼儿园软软来一个座 然后就能力也特别的大 就是说招窗工作你又要去强制 现在迷于过年不到两个月的时间 这个时间,招生工作怎么去招看怎么去招生去那个因为现在这个幼儿园越来越多然后竞争力也特别的大所以说那个招生工作一定要提前进行现在离过年不到两个月的时间了这个时间一定要抓紧如果明年明年过完春节一些那个,招窗工作怎么是招看怎么是招窗前因为现在这个幼儿园软软来一个座然后就能力也特别的大就是说招窗工作你又要去强制现在迷于过年不到两个月的时间这个时间,,,,,experiments/results/asr_predictions_mandarin_meeting_real/base__aishell4_test_008.json,experiments/results/asr_predictions_mandarin_meeting_real/base__aishell4_test_008.txt,Real faster-whisper inference on the small-subset formal evaluation manifest; model initialization (0.401s) excluded from per-clip runtime and warm RTF; vad_filter=True.
aishell4_test_009,AISHELL-4,zh-CN,base,cpu,int8,true,20.0,0.939105,0.046955,0.401042,CER,0.790909,OpenCC t2s normalization applied before Mandarin CER scoring.,true,呃适适龄儿童就要那个入园儿啦。所以说一定要提提前进行 嗯。就是说这个招生策略，看看是怎么去招生去嗯我建议就是说。以老带新吧 就是找一些班级的孩子，跟他们这个呃亲戚朋友或者同龄人去宣传一下，就说这个幼儿园咱这个幼儿园的优点咱这个办园儿特色,吃雕兒口就要入圓了 所以說一天要吃一餐的時候就要吃了 比如說這個招撞策略湯汁怎麼吃招撞鹹 我現在就說一朵蛋鮮 就叫一些半級的寒藥對空分,呃适适龄儿童就要那个入园儿啦所以说一定要提提前进行嗯就是说这个招生策略看看是怎么去招生去嗯我建议就是说以老带新吧就是找一些班级的孩子跟他们这个呃亲戚朋友或者同龄人去宣传一下就说这个幼儿园咱这个幼儿园的优点咱这个办园儿特色,吃雕儿口就要入圆了所以说一天要吃一餐的时候就要吃了比如说这个招撞策略汤汁怎么吃招撞咸我现在就说一朵蛋鲜就叫一些半级的寒药对空分,,,,,experiments/results/asr_predictions_mandarin_meeting_real/base__aishell4_test_009.json,experiments/results/asr_predictions_mandarin_meeting_real/base__aishell4_test_009.txt,Real faster-whisper inference on the small-subset formal evaluation manifest; model initialization (0.401s) excluded from per-clip runtime and warm RTF; vad_filter=True.
aishell4_test_010,AISHELL-4,zh-CN,base,cpu,int8,true,20.0,0.858284,0.042914,0.401042,CER,0.746988,OpenCC t2s normalization applied before Mandarin CER scoring.,true,比如学校的一些环境啦。嗯，老师的那个嗯教学啦，去宣传一下，然后给孩子一些奖励 嗯就说呃就是就是那个啥然后就是说呃再去一些那个小区门口儿 去一些小区门口儿做一些宣传单页儿单页儿上呃,留学校的一些环诺了 看到吃的那个照学了 洗虾台小南湖北 还有一些脚踢 然后进入那个啥南湖中处 再吃一些那个小吃蛮好,比如学校的一些环境啦嗯老师的那个嗯教学啦去宣传一下然后给孩子一些奖励嗯就说呃就是就是那个啥然后就是说呃再去一些那个小区门口儿去一些小区门口儿做一些宣传单页儿单页儿上呃,留学校的一些环诺了看到吃的那个照学了洗虾台小南湖北还有一些脚踢然后进入那个啥南湖中处再吃一些那个小吃蛮好,,,,,experiments/results/asr_predictions_mandarin_meeting_real/base__aishell4_test_010.json,experiments/results/asr_predictions_mandarin_meeting_real/base__aishell4_test_010.txt,Real faster-whisper inference on the small-subset formal evaluation manifest; model initialization (0.401s) excluded from per-clip runtime and warm RTF; vad_filter=True.
aishell4_test_011,AISHELL-4,zh-CN,base,cpu,int8,true,20.0,0.886191,0.04431,0.401042,CER,0.475,OpenCC t2s normalization applied before Mandarin CER scoring.,true,做的就是咱学校的环境啦，小孩儿一些活动啦。嗯搞每年搞的一些活动啦，小孩子作品啦上的什么课啦做一些宣传单页儿然后去这个小区宣传 嗯或者是或者是或者是近期开展开展一个就是说,做的就在学校的房子上啥孩一些活动 明年搞的一些活动 啥孩的作品上什么课 做一些身材单元 然后去这个小区身材 或者是 或者是,做的就是咱学校的环境啦小孩儿一些活动啦嗯搞每年搞的一些活动啦小孩子作品啦上的什么课啦做一些宣传单页儿然后去这个小区宣传嗯或者是或者是或者是近期开展开展一个就是说,做的就在学校的房子上啥孩一些活动明年搞的一些活动啥孩的作品上什么课做一些身材单元然后去这个小区身材或者是或者是,,,,,experiments/results/asr_predictions_mandarin_meeting_real/base__aishell4_test_011.json,experiments/results/asr_predictions_mandarin_meeting_real/base__aishell4_test_011.txt,Real faster-whisper inference on the small-subset formal evaluation manifest; model initialization (0.401s) excluded from per-clip runtime and warm RTF; vad_filter=True.
aishell4_test_012,AISHELL-4,zh-CN,base,cpu,int8,true,20.0,0.905352,0.045268,0.401042,CER,0.478261,OpenCC t2s normalization applied before Mandarin CER scoring.,true,呃，一一个活动吧，就是让一些有意向的家长带着孩子来幼儿园进行参观 嗯因为说的再好，因为说的再好这个 这个家长他没见到他肯定他他人家不能光听宣传，然后就叫他们带着孩子来学校。呃体验一下，看看咱学校的环境,有一个伙伴们就是让一些有意义上的家长带了孩子来用男生的参观 因为说得再好 因为说得再好 这个家长他们一见到他肯定不能挂出身材 然后就叫他们带了孩子来,呃一一个活动吧就是让一些有意向的家长带着孩子来幼儿园进行参观嗯因为说的再好因为说的再好这个这个家长他没见到他肯定他他人家不能光听宣传然后就叫他们带着孩子来学校呃体验一下看看咱学校的环境,有一个伙伴们就是让一些有意义上的家长带了孩子来用男生的参观因为说得再好因为说得再好这个家长他们一见到他肯定不能挂出身材然后就叫他们带了孩子来,,,,,experiments/results/asr_predictions_mandarin_meeting_real/base__aishell4_test_012.json,experiments/results/asr_predictions_mandarin_meeting_real/base__aishell4_test_012.txt,Real faster-whisper inference on the small-subset formal evaluation manifest; model initialization (0.401s) excluded from per-clip runtime and warm RTF; vad_filter=True.
