case_id,language,difficulty,variant,raw_asr_text,reference_text,retrieved_candidates,applied_corrections,corrected_text,expected_terms,true_positive_terms,false_positive_terms,missed_terms,unsupported_changes,needs_review,api_used,fallback_used,llm_provider,llm_model,prompt_version,term_precision,term_recall,term_f1,text_error_before,text_error_after,metric_name,correction_error,notes
term_001,en,easy,no_retrieval,we use piano note to label the speakers,we use pyannote to label the speakers,[],[],we use piano note to label the speakers,"[""pyannote""]",[],[],"[""pyannote""]",[],False,False,False,,,,0.0,0.0,0.0,0.285714,0.285714,WER,,Controlled text fixture; not public audio or measured ASR. Retrieval variant=no_retrieval.
term_001,en,easy,exact_glossary,we use piano note to label the speakers,we use pyannote to label the speakers,"[""pyannote""]",[],we use piano note to label the speakers,"[""pyannote""]","[""pyannote""]",[],[],[],False,False,False,,,,1.0,1.0,1.0,0.285714,0.285714,WER,,Controlled text fixture; not public audio or measured ASR. Retrieval variant=exact_glossary.
term_001,en,easy,fuzzy,we use piano note to label the speakers,we use pyannote to label the speakers,"[""pyannote"", ""pyannote.audio""]",[],we use piano note to label the speakers,"[""pyannote""]","[""pyannote"", ""pyannote.audio""]",[],[],[],False,False,False,,,,1.0,1.0,1.0,0.285714,0.285714,WER,,Controlled text fixture; not public audio or measured ASR. Retrieval variant=fuzzy.
term_001,en,easy,phonetic_like,we use piano note to label the speakers,we use pyannote to label the speakers,"[""pyannote""]",[],we use piano note to label the speakers,"[""pyannote""]","[""pyannote""]",[],[],[],False,False,False,,,,1.0,1.0,1.0,0.285714,0.285714,WER,,Controlled text fixture; not public audio or measured ASR. Retrieval variant=phonetic_like.
term_001,en,easy,fused,we use piano note to label the speakers,we use pyannote to label the speakers,"[""pyannote""]",[],we use piano note to label the speakers,"[""pyannote""]","[""pyannote""]",[],[],[],False,False,False,,,,1.0,1.0,1.0,0.285714,0.285714,WER,,Controlled text fixture; not public audio or measured ASR. Retrieval variant=fused.
term_001,en,easy,fused_plus_rule_correction,we use piano note to label the speakers,we use pyannote to label the speakers,"[""pyannote""]","[""piano note -> pyannote""]",we use pyannote to label the speakers,"[""pyannote""]","[""pyannote""]",[],[],[],False,False,False,,,talkweaver.correction.v1,1.0,1.0,1.0,0.285714,0.0,WER,,Controlled text fixture; not public audio or measured ASR. Retrieval variant=fused_plus_rule_correction.
term_001,en,easy,fused_plus_llm_correction,we use piano note to label the speakers,we use pyannote to label the speakers,"[""pyannote""]","[""piano note -> pyannote""]",We use pyannote to label the speakers.,"[""pyannote""]","[""pyannote""]",[],[],[],False,True,False,deepseek,deepseek-chat,talkweaver.correction.v1,1.0,1.0,1.0,0.285714,0.0,WER,,Controlled text fixture; not public audio or measured ASR. Retrieval variant=fused_plus_llm_correction. Strict real LLM mode; no silent rule fallback.
term_002,en,medium,no_retrieval,pie anode produced the speaker turns,pyannote produced the speaker turns,[],[],pie anode produced the speaker turns,"[""pyannote""]",[],[],"[""pyannote""]",[],False,False,False,,,,0.0,0.0,0.0,0.4,0.4,WER,,Controlled text fixture; not public audio or measured ASR. Retrieval variant=no_retrieval.
term_002,en,medium,exact_glossary,pie anode produced the speaker turns,pyannote produced the speaker turns,"[""pyannote""]",[],pie anode produced the speaker turns,"[""pyannote""]","[""pyannote""]",[],[],[],False,False,False,,,,1.0,1.0,1.0,0.4,0.4,WER,,Controlled text fixture; not public audio or measured ASR. Retrieval variant=exact_glossary.
term_002,en,medium,fuzzy,pie anode produced the speaker turns,pyannote produced the speaker turns,"[""pyannote""]",[],pie anode produced the speaker turns,"[""pyannote""]","[""pyannote""]",[],[],[],False,False,False,,,,1.0,1.0,1.0,0.4,0.4,WER,,Controlled text fixture; not public audio or measured ASR. Retrieval variant=fuzzy.
term_002,en,medium,phonetic_like,pie anode produced the speaker turns,pyannote produced the speaker turns,"[""pyannote"", ""pyannote.audio""]",[],pie anode produced the speaker turns,"[""pyannote""]","[""pyannote"", ""pyannote.audio""]",[],[],[],False,False,False,,,,1.0,1.0,1.0,0.4,0.4,WER,,Controlled text fixture; not public audio or measured ASR. Retrieval variant=phonetic_like.
term_002,en,medium,fused,pie anode produced the speaker turns,pyannote produced the speaker turns,"[""pyannote"", ""pyannote.audio""]",[],pie anode produced the speaker turns,"[""pyannote""]","[""pyannote"", ""pyannote.audio""]",[],[],[],False,False,False,,,,1.0,1.0,1.0,0.4,0.4,WER,,Controlled text fixture; not public audio or measured ASR. Retrieval variant=fused.
term_002,en,medium,fused_plus_rule_correction,pie anode produced the speaker turns,pyannote produced the speaker turns,"[""pyannote"", ""pyannote.audio""]","[""pie anode -> pyannote""]",pyannote produced the speaker turns,"[""pyannote""]","[""pyannote"", ""pyannote.audio""]",[],[],[],False,False,False,,,talkweaver.correction.v1,1.0,1.0,1.0,0.4,0.0,WER,,Controlled text fixture; not public audio or measured ASR. Retrieval variant=fused_plus_rule_correction.
term_002,en,medium,fused_plus_llm_correction,pie anode produced the speaker turns,pyannote produced the speaker turns,"[""pyannote"", ""pyannote.audio""]","[""pie anode -> pyannote""]",pyannote produced the speaker turns,"[""pyannote""]","[""pyannote"", ""pyannote.audio""]",[],[],[],False,True,False,deepseek,deepseek-chat,talkweaver.correction.v1,1.0,1.0,1.0,0.4,0.0,WER,,Controlled text fixture; not public audio or measured ASR. Retrieval variant=fused_plus_llm_correction. Strict real LLM mode; no silent rule fallback.
term_003,en,medium,no_retrieval,the pipeline imports piano note audio,the pipeline imports pyannote.audio,[],[],the pipeline imports piano note audio,"[""pyannote.audio""]",[],[],"[""pyannote.audio""]",[],False,False,False,,,,0.0,0.0,0.0,0.75,0.75,WER,,Controlled text fixture; not public audio or measured ASR. Retrieval variant=no_retrieval.
term_003,en,medium,exact_glossary,the pipeline imports piano note audio,the pipeline imports pyannote.audio,"[""pyannote"", ""pyannote.audio""]",[],the pipeline imports piano note audio,"[""pyannote.audio""]","[""pyannote"", ""pyannote.audio""]",[],[],[],False,False,False,,,,1.0,1.0,1.0,0.75,0.75,WER,,Controlled text fixture; not public audio or measured ASR. Retrieval variant=exact_glossary.
term_003,en,medium,fuzzy,the pipeline imports piano note audio,the pipeline imports pyannote.audio,"[""pyannote"", ""pyannote.audio""]",[],the pipeline imports piano note audio,"[""pyannote.audio""]","[""pyannote"", ""pyannote.audio""]",[],[],[],False,False,False,,,,1.0,1.0,1.0,0.75,0.75,WER,,Controlled text fixture; not public audio or measured ASR. Retrieval variant=fuzzy.
term_003,en,medium,phonetic_like,the pipeline imports piano note audio,the pipeline imports pyannote.audio,"[""pyannote"", ""pyannote.audio""]",[],the pipeline imports piano note audio,"[""pyannote.audio""]","[""pyannote"", ""pyannote.audio""]",[],[],[],False,False,False,,,,1.0,1.0,1.0,0.75,0.75,WER,,Controlled text fixture; not public audio or measured ASR. Retrieval variant=phonetic_like.
term_003,en,medium,fused,the pipeline imports piano note audio,the pipeline imports pyannote.audio,"[""pyannote"", ""pyannote.audio""]",[],the pipeline imports piano note audio,"[""pyannote.audio""]","[""pyannote"", ""pyannote.audio""]",[],[],[],False,False,False,,,,1.0,1.0,1.0,0.75,0.75,WER,,Controlled text fixture; not public audio or measured ASR. Retrieval variant=fused.
term_003,en,medium,fused_plus_rule_correction,the pipeline imports piano note audio,the pipeline imports pyannote.audio,"[""pyannote"", ""pyannote.audio""]","[""piano note audio -> pyannote.audio""]",the pipeline imports pyannote.audio,"[""pyannote.audio""]","[""pyannote"", ""pyannote.audio""]",[],[],[],False,False,False,,,talkweaver.correction.v1,1.0,1.0,1.0,0.75,0.0,WER,,Controlled text fixture; not public audio or measured ASR. Retrieval variant=fused_plus_rule_correction.
term_003,en,medium,fused_plus_llm_correction,the pipeline imports piano note audio,the pipeline imports pyannote.audio,"[""pyannote"", ""pyannote.audio""]",[],the pipeline imports piano note audio,"[""pyannote.audio""]","[""pyannote"", ""pyannote.audio""]",[],[],[],True,True,False,deepseek,deepseek-chat,talkweaver.correction.v1,1.0,1.0,1.0,0.75,0.75,WER,LLM correction failed for provider deepseek: Correction changed word order or content beyond supported glossary substitutions.,Controlled text fixture; not public audio or measured ASR. Retrieval variant=fused_plus_llm_correction. Strict real LLM mode; no silent rule fallback. API output failed grounding validation; raw text was retained.
term_004,en,easy,no_retrieval,speaker diary station answers who spoke when,speaker diarization answers who spoke when,[],[],speaker diary station answers who spoke when,"[""speaker diarization""]",[],[],"[""speaker diarization""]",[],False,False,False,,,,0.0,0.0,0.0,0.333333,0.333333,WER,,Controlled text fixture; not public audio or measured ASR. Retrieval variant=no_retrieval.
term_004,en,easy,exact_glossary,speaker diary station answers who spoke when,speaker diarization answers who spoke when,"[""diarization"", ""speaker diarization""]",[],speaker diary station answers who spoke when,"[""speaker diarization""]","[""diarization"", ""speaker diarization""]",[],[],[],False,False,False,,,,1.0,1.0,1.0,0.333333,0.333333,WER,,Controlled text fixture; not public audio or measured ASR. Retrieval variant=exact_glossary.
term_004,en,easy,fuzzy,speaker diary station answers who spoke when,speaker diarization answers who spoke when,"[""diarization"", ""speaker diarization""]",[],speaker diary station answers who spoke when,"[""speaker diarization""]","[""diarization"", ""speaker diarization""]",[],[],[],False,False,False,,,,1.0,1.0,1.0,0.333333,0.333333,WER,,Controlled text fixture; not public audio or measured ASR. Retrieval variant=fuzzy.
term_004,en,easy,phonetic_like,speaker diary station answers who spoke when,speaker diarization answers who spoke when,"[""diarization"", ""speaker diarization""]",[],speaker diary station answers who spoke when,"[""speaker diarization""]","[""diarization"", ""speaker diarization""]",[],[],[],False,False,False,,,,1.0,1.0,1.0,0.333333,0.333333,WER,,Controlled text fixture; not public audio or measured ASR. Retrieval variant=phonetic_like.
term_004,en,easy,fused,speaker diary station answers who spoke when,speaker diarization answers who spoke when,"[""diarization"", ""speaker diarization""]",[],speaker diary station answers who spoke when,"[""speaker diarization""]","[""diarization"", ""speaker diarization""]",[],[],[],False,False,False,,,,1.0,1.0,1.0,0.333333,0.333333,WER,,Controlled text fixture; not public audio or measured ASR. Retrieval variant=fused.
term_004,en,easy,fused_plus_rule_correction,speaker diary station answers who spoke when,speaker diarization answers who spoke when,"[""diarization"", ""speaker diarization""]","[""speaker diary station -> speaker diarization""]",speaker diarization answers who spoke when,"[""speaker diarization""]","[""diarization"", ""speaker diarization""]",[],[],[],False,False,False,,,talkweaver.correction.v1,1.0,1.0,1.0,0.333333,0.0,WER,,Controlled text fixture; not public audio or measured ASR. Retrieval variant=fused_plus_rule_correction.
term_004,en,easy,fused_plus_llm_correction,speaker diary station answers who spoke when,speaker diarization answers who spoke when,"[""diarization"", ""speaker diarization""]","[""speaker diary station -> speaker diarization""]",speaker diarization answers who spoke when,"[""speaker diarization""]","[""diarization"", ""speaker diarization""]",[],[],[],False,True,False,deepseek,deepseek-chat,talkweaver.correction.v1,1.0,1.0,1.0,0.333333,0.0,WER,,Controlled text fixture; not public audio or measured ASR. Retrieval variant=fused_plus_llm_correction. Strict real LLM mode; no silent rule fallback.
term_005,en,easy,no_retrieval,the diary station output has two speakers,the diarization output has two speakers,[],[],the diary station output has two speakers,"[""diarization""]",[],[],"[""diarization""]",[],False,False,False,,,,0.0,0.0,0.0,0.333333,0.333333,WER,,Controlled text fixture; not public audio or measured ASR. Retrieval variant=no_retrieval.
term_005,en,easy,exact_glossary,the diary station output has two speakers,the diarization output has two speakers,"[""diarization""]",[],the diary station output has two speakers,"[""diarization""]","[""diarization""]",[],[],[],False,False,False,,,,1.0,1.0,1.0,0.333333,0.333333,WER,,Controlled text fixture; not public audio or measured ASR. Retrieval variant=exact_glossary.
term_005,en,easy,fuzzy,the diary station output has two speakers,the diarization output has two speakers,"[""diarization""]",[],the diary station output has two speakers,"[""diarization""]","[""diarization""]",[],[],[],False,False,False,,,,1.0,1.0,1.0,0.333333,0.333333,WER,,Controlled text fixture; not public audio or measured ASR. Retrieval variant=fuzzy.
term_005,en,easy,phonetic_like,the diary station output has two speakers,the diarization output has two speakers,"[""diarization""]",[],the diary station output has two speakers,"[""diarization""]","[""diarization""]",[],[],[],False,False,False,,,,1.0,1.0,1.0,0.333333,0.333333,WER,,Controlled text fixture; not public audio or measured ASR. Retrieval variant=phonetic_like.
term_005,en,easy,fused,the diary station output has two speakers,the diarization output has two speakers,"[""diarization""]",[],the diary station output has two speakers,"[""diarization""]","[""diarization""]",[],[],[],False,False,False,,,,1.0,1.0,1.0,0.333333,0.333333,WER,,Controlled text fixture; not public audio or measured ASR. Retrieval variant=fused.
term_005,en,easy,fused_plus_rule_correction,the diary station output has two speakers,the diarization output has two speakers,"[""diarization""]","[""diary station -> diarization""]",the diarization output has two speakers,"[""diarization""]","[""diarization""]",[],[],[],False,False,False,,,talkweaver.correction.v1,1.0,1.0,1.0,0.333333,0.0,WER,,Controlled text fixture; not public audio or measured ASR. Retrieval variant=fused_plus_rule_correction.
term_005,en,easy,fused_plus_llm_correction,the diary station output has two speakers,the diarization output has two speakers,"[""diarization""]","[""diary station -> diarization""]",the diarization output has two speakers,"[""diarization""]","[""diarization""]",[],[],[],False,True,False,deepseek,deepseek-chat,talkweaver.correction.v1,1.0,1.0,1.0,0.333333,0.0,WER,,Controlled text fixture; not public audio or measured ASR. Retrieval variant=fused_plus_llm_correction. Strict real LLM mode; no silent rule fallback.
term_006,en,medium,no_retrieval,we evaluate diary zation before correction,we evaluate diarization before correction,[],[],we evaluate diary zation before correction,"[""diarization""]",[],[],"[""diarization""]",[],False,False,False,,,,0.0,0.0,0.0,0.4,0.4,WER,,Controlled text fixture; not public audio or measured ASR. Retrieval variant=no_retrieval.
term_006,en,medium,exact_glossary,we evaluate diary zation before correction,we evaluate diarization before correction,"[""diarization""]",[],we evaluate diary zation before correction,"[""diarization""]","[""diarization""]",[],[],[],False,False,False,,,,1.0,1.0,1.0,0.4,0.4,WER,,Controlled text fixture; not public audio or measured ASR. Retrieval variant=exact_glossary.
term_006,en,medium,fuzzy,we evaluate diary zation before correction,we evaluate diarization before correction,"[""diarization""]",[],we evaluate diary zation before correction,"[""diarization""]","[""diarization""]",[],[],[],False,False,False,,,,1.0,1.0,1.0,0.4,0.4,WER,,Controlled text fixture; not public audio or measured ASR. Retrieval variant=fuzzy.
term_006,en,medium,phonetic_like,we evaluate diary zation before correction,we evaluate diarization before correction,"[""diarization""]",[],we evaluate diary zation before correction,"[""diarization""]","[""diarization""]",[],[],[],False,False,False,,,,1.0,1.0,1.0,0.4,0.4,WER,,Controlled text fixture; not public audio or measured ASR. Retrieval variant=phonetic_like.
term_006,en,medium,fused,we evaluate diary zation before correction,we evaluate diarization before correction,"[""diarization""]",[],we evaluate diary zation before correction,"[""diarization""]","[""diarization""]",[],[],[],False,False,False,,,,1.0,1.0,1.0,0.4,0.4,WER,,Controlled text fixture; not public audio or measured ASR. Retrieval variant=fused.
term_006,en,medium,fused_plus_rule_correction,we evaluate diary zation before correction,we evaluate diarization before correction,"[""diarization""]","[""diary zation -> diarization""]",we evaluate diarization before correction,"[""diarization""]","[""diarization""]",[],[],[],False,False,False,,,talkweaver.correction.v1,1.0,1.0,1.0,0.4,0.0,WER,,Controlled text fixture; not public audio or measured ASR. Retrieval variant=fused_plus_rule_correction.
term_006,en,medium,fused_plus_llm_correction,we evaluate diary zation before correction,we evaluate diarization before correction,"[""diarization""]","[""diary zation -> diarization""]",We evaluate diarization before correction.,"[""diarization""]","[""diarization""]",[],[],[],False,True,False,deepseek,deepseek-chat,talkweaver.correction.v1,1.0,1.0,1.0,0.4,0.0,WER,,Controlled text fixture; not public audio or measured ASR. Retrieval variant=fused_plus_llm_correction. Strict real LLM mode; no silent rule fallback.
term_007,en,hard,no_retrieval,the rack glossary retrieves technical terms,the RAG glossary retrieves technical terms,[],[],the rack glossary retrieves technical terms,"[""RAG""]",[],[],"[""RAG""]",[],False,False,False,,,,0.0,0.0,0.0,0.166667,0.166667,WER,,Controlled text fixture; not public audio or measured ASR. Retrieval variant=no_retrieval.
term_007,en,hard,exact_glossary,the rack glossary retrieves technical terms,the RAG glossary retrieves technical terms,"[""RAG""]",[],the rack glossary retrieves technical terms,"[""RAG""]","[""RAG""]",[],[],[],False,False,False,,,,1.0,1.0,1.0,0.166667,0.166667,WER,,Controlled text fixture; not public audio or measured ASR. Retrieval variant=exact_glossary.
term_007,en,hard,fuzzy,the rack glossary retrieves technical terms,the RAG glossary retrieves technical terms,"[""RAG""]",[],the rack glossary retrieves technical terms,"[""RAG""]","[""RAG""]",[],[],[],False,False,False,,,,1.0,1.0,1.0,0.166667,0.166667,WER,,Controlled text fixture; not public audio or measured ASR. Retrieval variant=fuzzy.
term_007,en,hard,phonetic_like,the rack glossary retrieves technical terms,the RAG glossary retrieves technical terms,"[""RAG""]",[],the rack glossary retrieves technical terms,"[""RAG""]","[""RAG""]",[],[],[],False,False,False,,,,1.0,1.0,1.0,0.166667,0.166667,WER,,Controlled text fixture; not public audio or measured ASR. Retrieval variant=phonetic_like.
term_007,en,hard,fused,the rack glossary retrieves technical terms,the RAG glossary retrieves technical terms,"[""RAG""]",[],the rack glossary retrieves technical terms,"[""RAG""]","[""RAG""]",[],[],[],False,False,False,,,,1.0,1.0,1.0,0.166667,0.166667,WER,,Controlled text fixture; not public audio or measured ASR. Retrieval variant=fused.
term_007,en,hard,fused_plus_rule_correction,the rack glossary retrieves technical terms,the RAG glossary retrieves technical terms,"[""RAG""]","[""rack -> RAG""]",the RAG glossary retrieves technical terms,"[""RAG""]","[""RAG""]",[],[],[],False,False,False,,,talkweaver.correction.v1,1.0,1.0,1.0,0.166667,0.0,WER,,Controlled text fixture; not public audio or measured ASR. Retrieval variant=fused_plus_rule_correction.
term_007,en,hard,fused_plus_llm_correction,the rack glossary retrieves technical terms,the RAG glossary retrieves technical terms,"[""RAG""]","[""rack -> RAG""]",the RAG glossary retrieves technical terms,"[""RAG""]","[""RAG""]",[],[],[],False,True,False,deepseek,deepseek-chat,talkweaver.correction.v1,1.0,1.0,1.0,0.166667,0.0,WER,,Controlled text fixture; not public audio or measured ASR. Retrieval variant=fused_plus_llm_correction. Strict real LLM mode; no silent rule fallback.
term_008,en,easy,no_retrieval,rag provides candidates to the correction model,RAG provides candidates to the correction model,[],[],rag provides candidates to the correction model,"[""RAG""]",[],[],"[""RAG""]",[],False,False,False,,,,0.0,0.0,0.0,0.0,0.0,WER,,Controlled text fixture; not public audio or measured ASR. Retrieval variant=no_retrieval.
term_008,en,easy,exact_glossary,rag provides candidates to the correction model,RAG provides candidates to the correction model,"[""RAG""]",[],rag provides candidates to the correction model,"[""RAG""]","[""RAG""]",[],[],[],False,False,False,,,,1.0,1.0,1.0,0.0,0.0,WER,,Controlled text fixture; not public audio or measured ASR. Retrieval variant=exact_glossary.
term_008,en,easy,fuzzy,rag provides candidates to the correction model,RAG provides candidates to the correction model,"[""RAG""]",[],rag provides candidates to the correction model,"[""RAG""]","[""RAG""]",[],[],[],False,False,False,,,,1.0,1.0,1.0,0.0,0.0,WER,,Controlled text fixture; not public audio or measured ASR. Retrieval variant=fuzzy.
term_008,en,easy,phonetic_like,rag provides candidates to the correction model,RAG provides candidates to the correction model,[],[],rag provides candidates to the correction model,"[""RAG""]",[],[],"[""RAG""]",[],False,False,False,,,,0.0,0.0,0.0,0.0,0.0,WER,,Controlled text fixture; not public audio or measured ASR. Retrieval variant=phonetic_like.
term_008,en,easy,fused,rag provides candidates to the correction model,RAG provides candidates to the correction model,"[""RAG""]",[],rag provides candidates to the correction model,"[""RAG""]","[""RAG""]",[],[],[],False,False,False,,,,1.0,1.0,1.0,0.0,0.0,WER,,Controlled text fixture; not public audio or measured ASR. Retrieval variant=fused.
term_008,en,easy,fused_plus_rule_correction,rag provides candidates to the correction model,RAG provides candidates to the correction model,"[""RAG""]","[""rag -> RAG""]",RAG provides candidates to the correction model,"[""RAG""]","[""RAG""]",[],[],[],False,False,False,,,talkweaver.correction.v1,1.0,1.0,1.0,0.0,0.0,WER,,Controlled text fixture; not public audio or measured ASR. Retrieval variant=fused_plus_rule_correction.
term_008,en,easy,fused_plus_llm_correction,rag provides candidates to the correction model,RAG provides candidates to the correction model,"[""RAG""]","[""rag -> RAG""]",RAG provides candidates to the correction model.,"[""RAG""]","[""RAG""]",[],[],[],False,True,False,deepseek,deepseek-chat,talkweaver.correction.v1,1.0,1.0,1.0,0.0,0.0,WER,,Controlled text fixture; not public audio or measured ASR. Retrieval variant=fused_plus_llm_correction. Strict real LLM mode; no silent rule fallback.
term_009,en,hard,no_retrieval,we report where for the transcript benchmark,we report WER for the transcript benchmark,[],[],we report where for the transcript benchmark,"[""WER""]",[],[],"[""WER""]",[],False,False,False,,,,0.0,0.0,0.0,0.142857,0.142857,WER,,Controlled text fixture; not public audio or measured ASR. Retrieval variant=no_retrieval.
term_009,en,hard,exact_glossary,we report where for the transcript benchmark,we report WER for the transcript benchmark,"[""WER""]",[],we report where for the transcript benchmark,"[""WER""]","[""WER""]",[],[],[],False,False,False,,,,1.0,1.0,1.0,0.142857,0.142857,WER,,Controlled text fixture; not public audio or measured ASR. Retrieval variant=exact_glossary.
term_009,en,hard,fuzzy,we report where for the transcript benchmark,we report WER for the transcript benchmark,"[""WER""]",[],we report where for the transcript benchmark,"[""WER""]","[""WER""]",[],[],[],False,False,False,,,,1.0,1.0,1.0,0.142857,0.142857,WER,,Controlled text fixture; not public audio or measured ASR. Retrieval variant=fuzzy.
term_009,en,hard,phonetic_like,we report where for the transcript benchmark,we report WER for the transcript benchmark,"[""WER""]",[],we report where for the transcript benchmark,"[""WER""]","[""WER""]",[],[],[],False,False,False,,,,1.0,1.0,1.0,0.142857,0.142857,WER,,Controlled text fixture; not public audio or measured ASR. Retrieval variant=phonetic_like.
term_009,en,hard,fused,we report where for the transcript benchmark,we report WER for the transcript benchmark,"[""WER""]",[],we report where for the transcript benchmark,"[""WER""]","[""WER""]",[],[],[],False,False,False,,,,1.0,1.0,1.0,0.142857,0.142857,WER,,Controlled text fixture; not public audio or measured ASR. Retrieval variant=fused.
term_009,en,hard,fused_plus_rule_correction,we report where for the transcript benchmark,we report WER for the transcript benchmark,"[""WER""]","[""where -> WER""]",we report WER for the transcript benchmark,"[""WER""]","[""WER""]",[],[],[],False,False,False,,,talkweaver.correction.v1,1.0,1.0,1.0,0.142857,0.0,WER,,Controlled text fixture; not public audio or measured ASR. Retrieval variant=fused_plus_rule_correction.
term_009,en,hard,fused_plus_llm_correction,we report where for the transcript benchmark,we report WER for the transcript benchmark,"[""WER""]","[""where -> WER""]",We report WER for the transcript benchmark.,"[""WER""]","[""WER""]",[],[],[],False,True,False,deepseek,deepseek-chat,talkweaver.correction.v1,1.0,1.0,1.0,0.142857,0.0,WER,,Controlled text fixture; not public audio or measured ASR. Retrieval variant=fused_plus_llm_correction. Strict real LLM mode; no silent rule fallback.
term_010,en,hard,no_retrieval,the ear measures speaker assignment mistakes,DER measures speaker assignment mistakes,[],[],the ear measures speaker assignment mistakes,"[""DER""]",[],[],"[""DER""]",[],False,False,False,,,,0.0,0.0,0.0,0.4,0.4,WER,,Controlled text fixture; not public audio or measured ASR. Retrieval variant=no_retrieval.
term_010,en,hard,exact_glossary,the ear measures speaker assignment mistakes,DER measures speaker assignment mistakes,"[""DER""]",[],the ear measures speaker assignment mistakes,"[""DER""]","[""DER""]",[],[],[],False,False,False,,,,1.0,1.0,1.0,0.4,0.4,WER,,Controlled text fixture; not public audio or measured ASR. Retrieval variant=exact_glossary.
term_010,en,hard,fuzzy,the ear measures speaker assignment mistakes,DER measures speaker assignment mistakes,"[""DER""]",[],the ear measures speaker assignment mistakes,"[""DER""]","[""DER""]",[],[],[],False,False,False,,,,1.0,1.0,1.0,0.4,0.4,WER,,Controlled text fixture; not public audio or measured ASR. Retrieval variant=fuzzy.
term_010,en,hard,phonetic_like,the ear measures speaker assignment mistakes,DER measures speaker assignment mistakes,"[""DER""]",[],the ear measures speaker assignment mistakes,"[""DER""]","[""DER""]",[],[],[],False,False,False,,,,1.0,1.0,1.0,0.4,0.4,WER,,Controlled text fixture; not public audio or measured ASR. Retrieval variant=phonetic_like.
term_010,en,hard,fused,the ear measures speaker assignment mistakes,DER measures speaker assignment mistakes,"[""DER""]",[],the ear measures speaker assignment mistakes,"[""DER""]","[""DER""]",[],[],[],False,False,False,,,,1.0,1.0,1.0,0.4,0.4,WER,,Controlled text fixture; not public audio or measured ASR. Retrieval variant=fused.
term_010,en,hard,fused_plus_rule_correction,the ear measures speaker assignment mistakes,DER measures speaker assignment mistakes,"[""DER""]","[""the ear -> DER""]",DER measures speaker assignment mistakes,"[""DER""]","[""DER""]",[],[],[],False,False,False,,,talkweaver.correction.v1,1.0,1.0,1.0,0.4,0.0,WER,,Controlled text fixture; not public audio or measured ASR. Retrieval variant=fused_plus_rule_correction.
term_010,en,hard,fused_plus_llm_correction,the ear measures speaker assignment mistakes,DER measures speaker assignment mistakes,"[""DER""]",[],the ear measures speaker assignment mistakes,"[""DER""]","[""DER""]",[],[],[],True,True,False,deepseek,deepseek-chat,talkweaver.correction.v1,1.0,1.0,1.0,0.4,0.4,WER,LLM correction failed for provider deepseek: Correction changed word order or content beyond supported glossary substitutions.,Controlled text fixture; not public audio or measured ASR. Retrieval variant=fused_plus_llm_correction. Strict real LLM mode; no silent rule fallback. API output failed grounding validation; raw text was retained.
term_011,en,medium,no_retrieval,each temporal anger keeps a timestamp,each temporal anchor keeps a timestamp,[],[],each temporal anger keeps a timestamp,"[""temporal anchor""]",[],[],"[""temporal anchor""]",[],False,False,False,,,,0.0,0.0,0.0,0.166667,0.166667,WER,,Controlled text fixture; not public audio or measured ASR. Retrieval variant=no_retrieval.
term_011,en,medium,exact_glossary,each temporal anger keeps a timestamp,each temporal anchor keeps a timestamp,"[""temporal anchor""]",[],each temporal anger keeps a timestamp,"[""temporal anchor""]","[""temporal anchor""]",[],[],[],False,False,False,,,,1.0,1.0,1.0,0.166667,0.166667,WER,,Controlled text fixture; not public audio or measured ASR. Retrieval variant=exact_glossary.
term_011,en,medium,fuzzy,each temporal anger keeps a timestamp,each temporal anchor keeps a timestamp,"[""temporal anchor""]",[],each temporal anger keeps a timestamp,"[""temporal anchor""]","[""temporal anchor""]",[],[],[],False,False,False,,,,1.0,1.0,1.0,0.166667,0.166667,WER,,Controlled text fixture; not public audio or measured ASR. Retrieval variant=fuzzy.
term_011,en,medium,phonetic_like,each temporal anger keeps a timestamp,each temporal anchor keeps a timestamp,"[""temporal anchor""]",[],each temporal anger keeps a timestamp,"[""temporal anchor""]","[""temporal anchor""]",[],[],[],False,False,False,,,,1.0,1.0,1.0,0.166667,0.166667,WER,,Controlled text fixture; not public audio or measured ASR. Retrieval variant=phonetic_like.
term_011,en,medium,fused,each temporal anger keeps a timestamp,each temporal anchor keeps a timestamp,"[""temporal anchor""]",[],each temporal anger keeps a timestamp,"[""temporal anchor""]","[""temporal anchor""]",[],[],[],False,False,False,,,,1.0,1.0,1.0,0.166667,0.166667,WER,,Controlled text fixture; not public audio or measured ASR. Retrieval variant=fused.
term_011,en,medium,fused_plus_rule_correction,each temporal anger keeps a timestamp,each temporal anchor keeps a timestamp,"[""temporal anchor""]","[""temporal anger -> temporal anchor""]",each temporal anchor keeps a timestamp,"[""temporal anchor""]","[""temporal anchor""]",[],[],[],False,False,False,,,talkweaver.correction.v1,1.0,1.0,1.0,0.166667,0.0,WER,,Controlled text fixture; not public audio or measured ASR. Retrieval variant=fused_plus_rule_correction.
term_011,en,medium,fused_plus_llm_correction,each temporal anger keeps a timestamp,each temporal anchor keeps a timestamp,"[""temporal anchor""]","[""temporal anger -> temporal anchor""]",each temporal anchor keeps a timestamp,"[""temporal anchor""]","[""temporal anchor""]",[],[],[],False,True,False,deepseek,deepseek-chat,talkweaver.correction.v1,1.0,1.0,1.0,0.166667,0.0,WER,,Controlled text fixture; not public audio or measured ASR. Retrieval variant=fused_plus_llm_correction. Strict real LLM mode; no silent rule fallback.
term_012,en,easy,no_retrieval,we use overlap aware correction for cross talk,we use overlap-aware correction for cross talk,[],[],we use overlap aware correction for cross talk,"[""overlap-aware correction""]",[],[],"[""overlap-aware correction""]",[],False,False,False,,,,0.0,0.0,0.0,0.285714,0.285714,WER,,Controlled text fixture; not public audio or measured ASR. Retrieval variant=no_retrieval.
term_012,en,easy,exact_glossary,we use overlap aware correction for cross talk,we use overlap-aware correction for cross talk,"[""overlap-aware correction""]",[],we use overlap aware correction for cross talk,"[""overlap-aware correction""]","[""overlap-aware correction""]",[],[],[],False,False,False,,,,1.0,1.0,1.0,0.285714,0.285714,WER,,Controlled text fixture; not public audio or measured ASR. Retrieval variant=exact_glossary.
term_012,en,easy,fuzzy,we use overlap aware correction for cross talk,we use overlap-aware correction for cross talk,"[""overlap-aware correction""]",[],we use overlap aware correction for cross talk,"[""overlap-aware correction""]","[""overlap-aware correction""]",[],[],[],False,False,False,,,,1.0,1.0,1.0,0.285714,0.285714,WER,,Controlled text fixture; not public audio or measured ASR. Retrieval variant=fuzzy.
term_012,en,easy,phonetic_like,we use overlap aware correction for cross talk,we use overlap-aware correction for cross talk,"[""overlap-aware correction""]",[],we use overlap aware correction for cross talk,"[""overlap-aware correction""]","[""overlap-aware correction""]",[],[],[],False,False,False,,,,1.0,1.0,1.0,0.285714,0.285714,WER,,Controlled text fixture; not public audio or measured ASR. Retrieval variant=phonetic_like.
term_012,en,easy,fused,we use overlap aware correction for cross talk,we use overlap-aware correction for cross talk,"[""overlap-aware correction""]",[],we use overlap aware correction for cross talk,"[""overlap-aware correction""]","[""overlap-aware correction""]",[],[],[],False,False,False,,,,1.0,1.0,1.0,0.285714,0.285714,WER,,Controlled text fixture; not public audio or measured ASR. Retrieval variant=fused.
term_012,en,easy,fused_plus_rule_correction,we use overlap aware correction for cross talk,we use overlap-aware correction for cross talk,"[""overlap-aware correction""]","[""overlap aware correction -> overlap-aware correction""]",we use overlap-aware correction for cross talk,"[""overlap-aware correction""]","[""overlap-aware correction""]",[],[],[],False,False,False,,,talkweaver.correction.v1,1.0,1.0,1.0,0.285714,0.0,WER,,Controlled text fixture; not public audio or measured ASR. Retrieval variant=fused_plus_rule_correction.
term_012,en,easy,fused_plus_llm_correction,we use overlap aware correction for cross talk,we use overlap-aware correction for cross talk,"[""overlap-aware correction""]","[""overlap aware correction -> overlap-aware correction""]",We use overlap-aware correction for cross talk.,"[""overlap-aware correction""]","[""overlap-aware correction""]",[],[],[],False,True,False,deepseek,deepseek-chat,talkweaver.correction.v1,1.0,1.0,1.0,0.285714,0.0,WER,,Controlled text fixture; not public audio or measured ASR. Retrieval variant=fused_plus_llm_correction. Strict real LLM mode; no silent rule fallback.
term_013,en,easy,no_retrieval,faster whisper runs the ASR model on CPU,faster-whisper runs the ASR model on CPU,[],[],faster whisper runs the ASR model on CPU,"[""faster-whisper""]",[],[],"[""faster-whisper""]",[],False,False,False,,,,0.0,0.0,0.0,0.285714,0.285714,WER,,Controlled text fixture; not public audio or measured ASR. Retrieval variant=no_retrieval.
term_013,en,easy,exact_glossary,faster whisper runs the ASR model on CPU,faster-whisper runs the ASR model on CPU,"[""faster-whisper"", ""Whisper""]",[],faster whisper runs the ASR model on CPU,"[""faster-whisper""]","[""faster-whisper"", ""Whisper""]",[],[],[],False,False,False,,,,1.0,1.0,1.0,0.285714,0.285714,WER,,Controlled text fixture; not public audio or measured ASR. Retrieval variant=exact_glossary.
term_013,en,easy,fuzzy,faster whisper runs the ASR model on CPU,faster-whisper runs the ASR model on CPU,"[""faster-whisper"", ""Whisper""]",[],faster whisper runs the ASR model on CPU,"[""faster-whisper""]","[""faster-whisper"", ""Whisper""]",[],[],[],False,False,False,,,,1.0,1.0,1.0,0.285714,0.285714,WER,,Controlled text fixture; not public audio or measured ASR. Retrieval variant=fuzzy.
term_013,en,easy,phonetic_like,faster whisper runs the ASR model on CPU,faster-whisper runs the ASR model on CPU,"[""faster-whisper"", ""Whisper""]",[],faster whisper runs the ASR model on CPU,"[""faster-whisper""]","[""faster-whisper"", ""Whisper""]",[],[],[],False,False,False,,,,1.0,1.0,1.0,0.285714,0.285714,WER,,Controlled text fixture; not public audio or measured ASR. Retrieval variant=phonetic_like.
term_013,en,easy,fused,faster whisper runs the ASR model on CPU,faster-whisper runs the ASR model on CPU,"[""faster-whisper"", ""Whisper""]",[],faster whisper runs the ASR model on CPU,"[""faster-whisper""]","[""faster-whisper"", ""Whisper""]",[],[],[],False,False,False,,,,1.0,1.0,1.0,0.285714,0.285714,WER,,Controlled text fixture; not public audio or measured ASR. Retrieval variant=fused.
term_013,en,easy,fused_plus_rule_correction,faster whisper runs the ASR model on CPU,faster-whisper runs the ASR model on CPU,"[""faster-whisper"", ""Whisper""]","[""faster whisper -> faster-whisper""]",faster-Whisper runs the ASR model on CPU,"[""faster-whisper""]","[""faster-whisper"", ""Whisper""]",[],[],[],False,False,False,,,talkweaver.correction.v1,1.0,1.0,1.0,0.285714,0.0,WER,,Controlled text fixture; not public audio or measured ASR. Retrieval variant=fused_plus_rule_correction.
term_013,en,easy,fused_plus_llm_correction,faster whisper runs the ASR model on CPU,faster-whisper runs the ASR model on CPU,"[""faster-whisper"", ""Whisper""]","[""faster whisper -> faster-whisper""]",Faster-Whisper runs the ASR model on CPU.,"[""faster-whisper""]","[""faster-whisper"", ""Whisper""]",[],[],[],False,True,False,deepseek,deepseek-chat,talkweaver.correction.v1,1.0,1.0,1.0,0.285714,0.0,WER,,Controlled text fixture; not public audio or measured ASR. Retrieval variant=fused_plus_llm_correction. Strict real LLM mode; no silent rule fallback.
term_014,en,easy,no_retrieval,the whisper model produces word timestamps,the Whisper model produces word timestamps,[],[],the whisper model produces word timestamps,"[""Whisper""]",[],[],"[""Whisper""]",[],False,False,False,,,,0.0,0.0,0.0,0.0,0.0,WER,,Controlled text fixture; not public audio or measured ASR. Retrieval variant=no_retrieval.
term_014,en,easy,exact_glossary,the whisper model produces word timestamps,the Whisper model produces word timestamps,"[""Whisper""]",[],the whisper model produces word timestamps,"[""Whisper""]","[""Whisper""]",[],[],[],False,False,False,,,,1.0,1.0,1.0,0.0,0.0,WER,,Controlled text fixture; not public audio or measured ASR. Retrieval variant=exact_glossary.
term_014,en,easy,fuzzy,the whisper model produces word timestamps,the Whisper model produces word timestamps,"[""Whisper""]",[],the whisper model produces word timestamps,"[""Whisper""]","[""Whisper""]",[],[],[],False,False,False,,,,1.0,1.0,1.0,0.0,0.0,WER,,Controlled text fixture; not public audio or measured ASR. Retrieval variant=fuzzy.
term_014,en,easy,phonetic_like,the whisper model produces word timestamps,the Whisper model produces word timestamps,"[""Whisper""]",[],the whisper model produces word timestamps,"[""Whisper""]","[""Whisper""]",[],[],[],False,False,False,,,,1.0,1.0,1.0,0.0,0.0,WER,,Controlled text fixture; not public audio or measured ASR. Retrieval variant=phonetic_like.
term_014,en,easy,fused,the whisper model produces word timestamps,the Whisper model produces word timestamps,"[""Whisper""]",[],the whisper model produces word timestamps,"[""Whisper""]","[""Whisper""]",[],[],[],False,False,False,,,,1.0,1.0,1.0,0.0,0.0,WER,,Controlled text fixture; not public audio or measured ASR. Retrieval variant=fused.
term_014,en,easy,fused_plus_rule_correction,the whisper model produces word timestamps,the Whisper model produces word timestamps,"[""Whisper""]","[""whisper -> Whisper""]",the Whisper model produces word timestamps,"[""Whisper""]","[""Whisper""]",[],[],[],False,False,False,,,talkweaver.correction.v1,1.0,1.0,1.0,0.0,0.0,WER,,Controlled text fixture; not public audio or measured ASR. Retrieval variant=fused_plus_rule_correction.
term_014,en,easy,fused_plus_llm_correction,the whisper model produces word timestamps,the Whisper model produces word timestamps,"[""Whisper""]","[""whisper -> Whisper""]",The Whisper model produces word timestamps.,"[""Whisper""]","[""Whisper""]",[],[],[],False,True,False,deepseek,deepseek-chat,talkweaver.correction.v1,1.0,1.0,1.0,0.0,0.0,WER,,Controlled text fixture; not public audio or measured ASR. Retrieval variant=fused_plus_llm_correction. Strict real LLM mode; no silent rule fallback.
term_015,en,medium,no_retrieval,c translate two provides quantized inference,CTranslate2 provides quantized inference,[],[],c translate two provides quantized inference,"[""CTranslate2""]",[],[],"[""CTranslate2""]",[],False,False,False,,,,0.0,0.0,0.0,0.75,0.75,WER,,Controlled text fixture; not public audio or measured ASR. Retrieval variant=no_retrieval.
term_015,en,medium,exact_glossary,c translate two provides quantized inference,CTranslate2 provides quantized inference,"[""CTranslate2""]",[],c translate two provides quantized inference,"[""CTranslate2""]","[""CTranslate2""]",[],[],[],False,False,False,,,,1.0,1.0,1.0,0.75,0.75,WER,,Controlled text fixture; not public audio or measured ASR. Retrieval variant=exact_glossary.
term_015,en,medium,fuzzy,c translate two provides quantized inference,CTranslate2 provides quantized inference,"[""CTranslate2""]",[],c translate two provides quantized inference,"[""CTranslate2""]","[""CTranslate2""]",[],[],[],False,False,False,,,,1.0,1.0,1.0,0.75,0.75,WER,,Controlled text fixture; not public audio or measured ASR. Retrieval variant=fuzzy.
term_015,en,medium,phonetic_like,c translate two provides quantized inference,CTranslate2 provides quantized inference,"[""CTranslate2""]",[],c translate two provides quantized inference,"[""CTranslate2""]","[""CTranslate2""]",[],[],[],False,False,False,,,,1.0,1.0,1.0,0.75,0.75,WER,,Controlled text fixture; not public audio or measured ASR. Retrieval variant=phonetic_like.
term_015,en,medium,fused,c translate two provides quantized inference,CTranslate2 provides quantized inference,"[""CTranslate2""]",[],c translate two provides quantized inference,"[""CTranslate2""]","[""CTranslate2""]",[],[],[],False,False,False,,,,1.0,1.0,1.0,0.75,0.75,WER,,Controlled text fixture; not public audio or measured ASR. Retrieval variant=fused.
term_015,en,medium,fused_plus_rule_correction,c translate two provides quantized inference,CTranslate2 provides quantized inference,"[""CTranslate2""]","[""c translate two -> CTranslate2""]",CTranslate2 provides quantized inference,"[""CTranslate2""]","[""CTranslate2""]",[],[],[],False,False,False,,,talkweaver.correction.v1,1.0,1.0,1.0,0.75,0.0,WER,,Controlled text fixture; not public audio or measured ASR. Retrieval variant=fused_plus_rule_correction.
term_015,en,medium,fused_plus_llm_correction,c translate two provides quantized inference,CTranslate2 provides quantized inference,"[""CTranslate2""]","[""c translate two -> CTranslate2""]",CTranslate2 provides quantized inference,"[""CTranslate2""]","[""CTranslate2""]",[],[],[],False,True,False,deepseek,deepseek-chat,talkweaver.correction.v1,1.0,1.0,1.0,0.75,0.0,WER,,Controlled text fixture; not public audio or measured ASR. Retrieval variant=fused_plus_llm_correction. Strict real LLM mode; no silent rule fallback.
term_016,en,medium,no_retrieval,q when is the optional correction model,Qwen is the optional correction model,[],[],q when is the optional correction model,"[""Qwen""]",[],[],"[""Qwen""]",[],False,False,False,,,,0.0,0.0,0.0,0.333333,0.333333,WER,,Controlled text fixture; not public audio or measured ASR. Retrieval variant=no_retrieval.
term_016,en,medium,exact_glossary,q when is the optional correction model,Qwen is the optional correction model,"[""Qwen""]",[],q when is the optional correction model,"[""Qwen""]","[""Qwen""]",[],[],[],False,False,False,,,,1.0,1.0,1.0,0.333333,0.333333,WER,,Controlled text fixture; not public audio or measured ASR. Retrieval variant=exact_glossary.
term_016,en,medium,fuzzy,q when is the optional correction model,Qwen is the optional correction model,"[""Qwen""]",[],q when is the optional correction model,"[""Qwen""]","[""Qwen""]",[],[],[],False,False,False,,,,1.0,1.0,1.0,0.333333,0.333333,WER,,Controlled text fixture; not public audio or measured ASR. Retrieval variant=fuzzy.
term_016,en,medium,phonetic_like,q when is the optional correction model,Qwen is the optional correction model,"[""Qwen""]",[],q when is the optional correction model,"[""Qwen""]","[""Qwen""]",[],[],[],False,False,False,,,,1.0,1.0,1.0,0.333333,0.333333,WER,,Controlled text fixture; not public audio or measured ASR. Retrieval variant=phonetic_like.
term_016,en,medium,fused,q when is the optional correction model,Qwen is the optional correction model,"[""Qwen""]",[],q when is the optional correction model,"[""Qwen""]","[""Qwen""]",[],[],[],False,False,False,,,,1.0,1.0,1.0,0.333333,0.333333,WER,,Controlled text fixture; not public audio or measured ASR. Retrieval variant=fused.
term_016,en,medium,fused_plus_rule_correction,q when is the optional correction model,Qwen is the optional correction model,"[""Qwen""]","[""q when -> Qwen""]",Qwen is the optional correction model,"[""Qwen""]","[""Qwen""]",[],[],[],False,False,False,,,talkweaver.correction.v1,1.0,1.0,1.0,0.333333,0.0,WER,,Controlled text fixture; not public audio or measured ASR. Retrieval variant=fused_plus_rule_correction.
term_016,en,medium,fused_plus_llm_correction,q when is the optional correction model,Qwen is the optional correction model,"[""Qwen""]","[""q when -> Qwen""]",Qwen is the optional correction model,"[""Qwen""]","[""Qwen""]",[],[],[],False,True,False,deepseek,deepseek-chat,talkweaver.correction.v1,1.0,1.0,1.0,0.333333,0.0,WER,,Controlled text fixture; not public audio or measured ASR. Retrieval variant=fused_plus_llm_correction. Strict real LLM mode; no silent rule fallback.
term_017,en,hard,no_retrieval,the tag speech paper motivates temporal anchors,the TagSpeech paper motivates temporal anchors,[],[],the tag speech paper motivates temporal anchors,"[""TagSpeech"", ""temporal anchor""]",[],[],"[""TagSpeech"", ""temporal anchor""]",[],False,False,False,,,,0.0,0.0,0.0,0.333333,0.333333,WER,,Controlled text fixture; not public audio or measured ASR. Retrieval variant=no_retrieval.
term_017,en,hard,exact_glossary,the tag speech paper motivates temporal anchors,the TagSpeech paper motivates temporal anchors,"[""TagSpeech""]",[],the tag speech paper motivates temporal anchors,"[""TagSpeech"", ""temporal anchor""]","[""TagSpeech""]",[],"[""temporal anchor""]",[],False,False,False,,,,1.0,0.5,0.666667,0.333333,0.333333,WER,,Controlled text fixture; not public audio or measured ASR. Retrieval variant=exact_glossary.
term_017,en,hard,fuzzy,the tag speech paper motivates temporal anchors,the TagSpeech paper motivates temporal anchors,"[""TagSpeech"", ""temporal anchor""]",[],the tag speech paper motivates temporal anchors,"[""TagSpeech"", ""temporal anchor""]","[""TagSpeech"", ""temporal anchor""]",[],[],[],False,False,False,,,,1.0,1.0,1.0,0.333333,0.333333,WER,,Controlled text fixture; not public audio or measured ASR. Retrieval variant=fuzzy.
term_017,en,hard,phonetic_like,the tag speech paper motivates temporal anchors,the TagSpeech paper motivates temporal anchors,"[""TagSpeech"", ""temporal anchor""]",[],the tag speech paper motivates temporal anchors,"[""TagSpeech"", ""temporal anchor""]","[""TagSpeech"", ""temporal anchor""]",[],[],[],False,False,False,,,,1.0,1.0,1.0,0.333333,0.333333,WER,,Controlled text fixture; not public audio or measured ASR. Retrieval variant=phonetic_like.
term_017,en,hard,fused,the tag speech paper motivates temporal anchors,the TagSpeech paper motivates temporal anchors,"[""TagSpeech"", ""temporal anchor""]",[],the tag speech paper motivates temporal anchors,"[""TagSpeech"", ""temporal anchor""]","[""TagSpeech"", ""temporal anchor""]",[],[],[],False,False,False,,,,1.0,1.0,1.0,0.333333,0.333333,WER,,Controlled text fixture; not public audio or measured ASR. Retrieval variant=fused.
term_017,en,hard,fused_plus_rule_correction,the tag speech paper motivates temporal anchors,the TagSpeech paper motivates temporal anchors,"[""TagSpeech"", ""temporal anchor""]","[""tag speech -> TagSpeech""]",the TagSpeech paper motivates temporal anchors,"[""TagSpeech"", ""temporal anchor""]","[""TagSpeech"", ""temporal anchor""]",[],[],[],False,False,False,,,talkweaver.correction.v1,1.0,1.0,1.0,0.333333,0.0,WER,,Controlled text fixture; not public audio or measured ASR. Retrieval variant=fused_plus_rule_correction.
term_017,en,hard,fused_plus_llm_correction,the tag speech paper motivates temporal anchors,the TagSpeech paper motivates temporal anchors,"[""TagSpeech"", ""temporal anchor""]","[""tag speech -> TagSpeech""]",The TagSpeech paper motivates temporal anchors.,"[""TagSpeech"", ""temporal anchor""]","[""TagSpeech"", ""temporal anchor""]",[],[],[],False,True,False,deepseek,deepseek-chat,talkweaver.correction.v1,1.0,1.0,1.0,0.333333,0.0,WER,,Controlled text fixture; not public audio or measured ASR. Retrieval variant=fused_plus_llm_correction. Strict real LLM mode; no silent rule fallback.
term_018,en,medium,no_retrieval,dm asr conditions correction on speaker and time,DM-ASR conditions correction on speaker and time,[],[],dm asr conditions correction on speaker and time,"[""DM-ASR""]",[],[],"[""DM-ASR""]",[],False,False,False,,,,0.0,0.0,0.0,0.285714,0.285714,WER,,Controlled text fixture; not public audio or measured ASR. Retrieval variant=no_retrieval.
term_018,en,medium,exact_glossary,dm asr conditions correction on speaker and time,DM-ASR conditions correction on speaker and time,"[""DM-ASR""]",[],dm asr conditions correction on speaker and time,"[""DM-ASR""]","[""DM-ASR""]",[],[],[],False,False,False,,,,1.0,1.0,1.0,0.285714,0.285714,WER,,Controlled text fixture; not public audio or measured ASR. Retrieval variant=exact_glossary.
term_018,en,medium,fuzzy,dm asr conditions correction on speaker and time,DM-ASR conditions correction on speaker and time,"[""DM-ASR""]",[],dm asr conditions correction on speaker and time,"[""DM-ASR""]","[""DM-ASR""]",[],[],[],False,False,False,,,,1.0,1.0,1.0,0.285714,0.285714,WER,,Controlled text fixture; not public audio or measured ASR. Retrieval variant=fuzzy.
term_018,en,medium,phonetic_like,dm asr conditions correction on speaker and time,DM-ASR conditions correction on speaker and time,"[""DM-ASR""]",[],dm asr conditions correction on speaker and time,"[""DM-ASR""]","[""DM-ASR""]",[],[],[],False,False,False,,,,1.0,1.0,1.0,0.285714,0.285714,WER,,Controlled text fixture; not public audio or measured ASR. Retrieval variant=phonetic_like.
term_018,en,medium,fused,dm asr conditions correction on speaker and time,DM-ASR conditions correction on speaker and time,"[""DM-ASR""]",[],dm asr conditions correction on speaker and time,"[""DM-ASR""]","[""DM-ASR""]",[],[],[],False,False,False,,,,1.0,1.0,1.0,0.285714,0.285714,WER,,Controlled text fixture; not public audio or measured ASR. Retrieval variant=fused.
term_018,en,medium,fused_plus_rule_correction,dm asr conditions correction on speaker and time,DM-ASR conditions correction on speaker and time,"[""DM-ASR""]","[""dm asr -> DM-ASR""]",DM-ASR conditions correction on speaker and time,"[""DM-ASR""]","[""DM-ASR""]",[],[],[],False,False,False,,,talkweaver.correction.v1,1.0,1.0,1.0,0.285714,0.0,WER,,Controlled text fixture; not public audio or measured ASR. Retrieval variant=fused_plus_rule_correction.
term_018,en,medium,fused_plus_llm_correction,dm asr conditions correction on speaker and time,DM-ASR conditions correction on speaker and time,"[""DM-ASR""]","[""dm asr -> DM-ASR""]",DM-ASR conditions correction on speaker and time,"[""DM-ASR""]","[""DM-ASR""]",[],[],[],False,True,False,deepseek,deepseek-chat,talkweaver.correction.v1,1.0,1.0,1.0,0.285714,0.0,WER,,Controlled text fixture; not public audio or measured ASR. Retrieval variant=fused_plus_llm_correction. Strict real LLM mode; no silent rule fallback.
term_019,en,negative_control,no_retrieval,put the router on the rack near the wall,put the router on the rack near the wall,[],[],put the router on the rack near the wall,[],[],[],[],[],False,False,False,,,,1.0,1.0,1.0,0.0,0.0,WER,,Controlled text fixture; not public audio or measured ASR. Retrieval variant=no_retrieval.
term_019,en,negative_control,exact_glossary,put the router on the rack near the wall,put the router on the rack near the wall,"[""RAG""]",[],put the router on the rack near the wall,[],[],"[""RAG""]",[],[],False,False,False,,,,0.0,1.0,0.0,0.0,0.0,WER,,Controlled text fixture; not public audio or measured ASR. Retrieval variant=exact_glossary.
term_019,en,negative_control,fuzzy,put the router on the rack near the wall,put the router on the rack near the wall,"[""RAG""]",[],put the router on the rack near the wall,[],[],"[""RAG""]",[],[],False,False,False,,,,0.0,1.0,0.0,0.0,0.0,WER,,Controlled text fixture; not public audio or measured ASR. Retrieval variant=fuzzy.
term_019,en,negative_control,phonetic_like,put the router on the rack near the wall,put the router on the rack near the wall,"[""RAG""]",[],put the router on the rack near the wall,[],[],"[""RAG""]",[],[],False,False,False,,,,0.0,1.0,0.0,0.0,0.0,WER,,Controlled text fixture; not public audio or measured ASR. Retrieval variant=phonetic_like.
term_019,en,negative_control,fused,put the router on the rack near the wall,put the router on the rack near the wall,[],[],put the router on the rack near the wall,[],[],[],[],[],True,False,False,,,,1.0,1.0,1.0,0.0,0.0,WER,,Controlled text fixture; not public audio or measured ASR. Retrieval variant=fused. Ambiguous candidates were withheld by context safety and require review.
term_019,en,negative_control,fused_plus_rule_correction,put the router on the rack near the wall,put the router on the rack near the wall,[],[],put the router on the rack near the wall,[],[],[],[],[],True,False,False,,,talkweaver.correction.v1,1.0,1.0,1.0,0.0,0.0,WER,,Controlled text fixture; not public audio or measured ASR. Retrieval variant=fused_plus_rule_correction. Ambiguous candidates were withheld by context safety and require review.
term_019,en,negative_control,fused_plus_llm_correction,put the router on the rack near the wall,put the router on the rack near the wall,[],[],Put the router on the rack near the wall.,[],[],[],[],[],True,True,False,deepseek,deepseek-chat,talkweaver.correction.v1,1.0,1.0,1.0,0.0,0.0,WER,,Controlled text fixture; not public audio or measured ASR. Retrieval variant=fused_plus_llm_correction. Ambiguous candidates were withheld by context safety and require review. Strict real LLM mode; no silent rule fallback.
term_020,en,negative_control,no_retrieval,where should we place the microphone,where should we place the microphone,[],[],where should we place the microphone,[],[],[],[],[],False,False,False,,,,1.0,1.0,1.0,0.0,0.0,WER,,Controlled text fixture; not public audio or measured ASR. Retrieval variant=no_retrieval.
term_020,en,negative_control,exact_glossary,where should we place the microphone,where should we place the microphone,"[""WER""]",[],where should we place the microphone,[],[],"[""WER""]",[],[],False,False,False,,,,0.0,1.0,0.0,0.0,0.0,WER,,Controlled text fixture; not public audio or measured ASR. Retrieval variant=exact_glossary.
term_020,en,negative_control,fuzzy,where should we place the microphone,where should we place the microphone,"[""WER""]",[],where should we place the microphone,[],[],"[""WER""]",[],[],False,False,False,,,,0.0,1.0,0.0,0.0,0.0,WER,,Controlled text fixture; not public audio or measured ASR. Retrieval variant=fuzzy.
term_020,en,negative_control,phonetic_like,where should we place the microphone,where should we place the microphone,"[""WER""]",[],where should we place the microphone,[],[],"[""WER""]",[],[],False,False,False,,,,0.0,1.0,0.0,0.0,0.0,WER,,Controlled text fixture; not public audio or measured ASR. Retrieval variant=phonetic_like.
term_020,en,negative_control,fused,where should we place the microphone,where should we place the microphone,[],[],where should we place the microphone,[],[],[],[],[],True,False,False,,,,1.0,1.0,1.0,0.0,0.0,WER,,Controlled text fixture; not public audio or measured ASR. Retrieval variant=fused. Ambiguous candidates were withheld by context safety and require review.
term_020,en,negative_control,fused_plus_rule_correction,where should we place the microphone,where should we place the microphone,[],[],where should we place the microphone,[],[],[],[],[],True,False,False,,,talkweaver.correction.v1,1.0,1.0,1.0,0.0,0.0,WER,,Controlled text fixture; not public audio or measured ASR. Retrieval variant=fused_plus_rule_correction. Ambiguous candidates were withheld by context safety and require review.
term_020,en,negative_control,fused_plus_llm_correction,where should we place the microphone,where should we place the microphone,[],[],Where should we place the microphone?,[],[],[],[],[],True,True,False,deepseek,deepseek-chat,talkweaver.correction.v1,1.0,1.0,1.0,0.0,0.0,WER,,Controlled text fixture; not public audio or measured ASR. Retrieval variant=fused_plus_llm_correction. Ambiguous candidates were withheld by context safety and require review. Strict real LLM mode; no silent rule fallback.
term_021,en,negative_control,no_retrieval,dear team please read the meeting notes,dear team please read the meeting notes,[],[],dear team please read the meeting notes,[],[],[],[],[],False,False,False,,,,1.0,1.0,1.0,0.0,0.0,WER,,Controlled text fixture; not public audio or measured ASR. Retrieval variant=no_retrieval.
term_021,en,negative_control,exact_glossary,dear team please read the meeting notes,dear team please read the meeting notes,"[""DER""]",[],dear team please read the meeting notes,[],[],"[""DER""]",[],[],False,False,False,,,,0.0,1.0,0.0,0.0,0.0,WER,,Controlled text fixture; not public audio or measured ASR. Retrieval variant=exact_glossary.
term_021,en,negative_control,fuzzy,dear team please read the meeting notes,dear team please read the meeting notes,"[""DER""]",[],dear team please read the meeting notes,[],[],"[""DER""]",[],[],False,False,False,,,,0.0,1.0,0.0,0.0,0.0,WER,,Controlled text fixture; not public audio or measured ASR. Retrieval variant=fuzzy.
term_021,en,negative_control,phonetic_like,dear team please read the meeting notes,dear team please read the meeting notes,[],[],dear team please read the meeting notes,[],[],[],[],[],False,False,False,,,,1.0,1.0,1.0,0.0,0.0,WER,,Controlled text fixture; not public audio or measured ASR. Retrieval variant=phonetic_like.
term_021,en,negative_control,fused,dear team please read the meeting notes,dear team please read the meeting notes,[],[],dear team please read the meeting notes,[],[],[],[],[],True,False,False,,,,1.0,1.0,1.0,0.0,0.0,WER,,Controlled text fixture; not public audio or measured ASR. Retrieval variant=fused. Ambiguous candidates were withheld by context safety and require review.
term_021,en,negative_control,fused_plus_rule_correction,dear team please read the meeting notes,dear team please read the meeting notes,[],[],dear team please read the meeting notes,[],[],[],[],[],True,False,False,,,talkweaver.correction.v1,1.0,1.0,1.0,0.0,0.0,WER,,Controlled text fixture; not public audio or measured ASR. Retrieval variant=fused_plus_rule_correction. Ambiguous candidates were withheld by context safety and require review.
term_021,en,negative_control,fused_plus_llm_correction,dear team please read the meeting notes,dear team please read the meeting notes,[],[],"Dear team, please read the meeting notes.",[],[],[],[],[],True,True,False,deepseek,deepseek-chat,talkweaver.correction.v1,1.0,1.0,1.0,0.0,0.0,WER,,Controlled text fixture; not public audio or measured ASR. Retrieval variant=fused_plus_llm_correction. Ambiguous candidates were withheld by context safety and require review. Strict real LLM mode; no silent rule fallback.
term_022,en,negative_control,no_retrieval,write tag speech in the html field,write tag speech in the html field,[],[],write tag speech in the html field,[],[],[],[],[],False,False,False,,,,1.0,1.0,1.0,0.0,0.0,WER,,Controlled text fixture; not public audio or measured ASR. Retrieval variant=no_retrieval.
term_022,en,negative_control,exact_glossary,write tag speech in the html field,write tag speech in the html field,"[""TagSpeech""]",[],write tag speech in the html field,[],[],"[""TagSpeech""]",[],[],False,False,False,,,,0.0,1.0,0.0,0.0,0.0,WER,,Controlled text fixture; not public audio or measured ASR. Retrieval variant=exact_glossary.
term_022,en,negative_control,fuzzy,write tag speech in the html field,write tag speech in the html field,"[""TagSpeech""]",[],write tag speech in the html field,[],[],"[""TagSpeech""]",[],[],False,False,False,,,,0.0,1.0,0.0,0.0,0.0,WER,,Controlled text fixture; not public audio or measured ASR. Retrieval variant=fuzzy.
term_022,en,negative_control,phonetic_like,write tag speech in the html field,write tag speech in the html field,"[""TagSpeech""]",[],write tag speech in the html field,[],[],"[""TagSpeech""]",[],[],False,False,False,,,,0.0,1.0,0.0,0.0,0.0,WER,,Controlled text fixture; not public audio or measured ASR. Retrieval variant=phonetic_like.
term_022,en,negative_control,fused,write tag speech in the html field,write tag speech in the html field,[],[],write tag speech in the html field,[],[],[],[],[],True,False,False,,,,1.0,1.0,1.0,0.0,0.0,WER,,Controlled text fixture; not public audio or measured ASR. Retrieval variant=fused. Ambiguous candidates were withheld by context safety and require review.
term_022,en,negative_control,fused_plus_rule_correction,write tag speech in the html field,write tag speech in the html field,[],[],write tag speech in the html field,[],[],[],[],[],True,False,False,,,talkweaver.correction.v1,1.0,1.0,1.0,0.0,0.0,WER,,Controlled text fixture; not public audio or measured ASR. Retrieval variant=fused_plus_rule_correction. Ambiguous candidates were withheld by context safety and require review.
term_022,en,negative_control,fused_plus_llm_correction,write tag speech in the html field,write tag speech in the html field,[],[],Write tag speech in the HTML field.,[],[],[],[],[],True,True,False,deepseek,deepseek-chat,talkweaver.correction.v1,1.0,1.0,1.0,0.0,0.0,WER,,Controlled text fixture; not public audio or measured ASR. Retrieval variant=fused_plus_llm_correction. Ambiguous candidates were withheld by context safety and require review. Strict real LLM mode; no silent rule fallback.
term_023,en,hard,no_retrieval,piano note fixes diary station and the rack glossary,pyannote fixes diarization and the RAG glossary,[],[],piano note fixes diary station and the rack glossary,"[""pyannote"", ""diarization"", ""RAG""]",[],[],"[""pyannote"", ""diarization"", ""RAG""]",[],False,False,False,,,,0.0,0.0,0.0,0.714286,0.714286,WER,,Controlled text fixture; not public audio or measured ASR. Retrieval variant=no_retrieval.
term_023,en,hard,exact_glossary,piano note fixes diary station and the rack glossary,pyannote fixes diarization and the RAG glossary,"[""diarization"", ""pyannote"", ""RAG""]",[],piano note fixes diary station and the rack glossary,"[""pyannote"", ""diarization"", ""RAG""]","[""diarization"", ""pyannote"", ""RAG""]",[],[],[],False,False,False,,,,1.0,1.0,1.0,0.714286,0.714286,WER,,Controlled text fixture; not public audio or measured ASR. Retrieval variant=exact_glossary.
term_023,en,hard,fuzzy,piano note fixes diary station and the rack glossary,pyannote fixes diarization and the RAG glossary,"[""diarization"", ""pyannote"", ""RAG""]",[],piano note fixes diary station and the rack glossary,"[""pyannote"", ""diarization"", ""RAG""]","[""diarization"", ""pyannote"", ""RAG""]",[],[],[],False,False,False,,,,1.0,1.0,1.0,0.714286,0.714286,WER,,Controlled text fixture; not public audio or measured ASR. Retrieval variant=fuzzy.
term_023,en,hard,phonetic_like,piano note fixes diary station and the rack glossary,pyannote fixes diarization and the RAG glossary,"[""diarization"", ""pyannote"", ""RAG""]",[],piano note fixes diary station and the rack glossary,"[""pyannote"", ""diarization"", ""RAG""]","[""diarization"", ""pyannote"", ""RAG""]",[],[],[],False,False,False,,,,1.0,1.0,1.0,0.714286,0.714286,WER,,Controlled text fixture; not public audio or measured ASR. Retrieval variant=phonetic_like.
term_023,en,hard,fused,piano note fixes diary station and the rack glossary,pyannote fixes diarization and the RAG glossary,"[""diarization"", ""pyannote"", ""RAG""]",[],piano note fixes diary station and the rack glossary,"[""pyannote"", ""diarization"", ""RAG""]","[""diarization"", ""pyannote"", ""RAG""]",[],[],[],False,False,False,,,,1.0,1.0,1.0,0.714286,0.714286,WER,,Controlled text fixture; not public audio or measured ASR. Retrieval variant=fused.
term_023,en,hard,fused_plus_rule_correction,piano note fixes diary station and the rack glossary,pyannote fixes diarization and the RAG glossary,"[""diarization"", ""pyannote"", ""RAG""]","[""piano note -> pyannote"", ""diary station -> diarization"", ""rack -> RAG""]",pyannote fixes diarization and the RAG glossary,"[""pyannote"", ""diarization"", ""RAG""]","[""diarization"", ""pyannote"", ""RAG""]",[],[],[],False,False,False,,,talkweaver.correction.v1,1.0,1.0,1.0,0.714286,0.0,WER,,Controlled text fixture; not public audio or measured ASR. Retrieval variant=fused_plus_rule_correction.
term_023,en,hard,fused_plus_llm_correction,piano note fixes diary station and the rack glossary,pyannote fixes diarization and the RAG glossary,"[""diarization"", ""pyannote"", ""RAG""]",[],piano note fixes diary station and the rack glossary,"[""pyannote"", ""diarization"", ""RAG""]","[""diarization"", ""pyannote"", ""RAG""]",[],[],[],True,True,False,deepseek,deepseek-chat,talkweaver.correction.v1,1.0,1.0,1.0,0.714286,0.714286,WER,LLM correction failed for provider deepseek: Correction changed word order or content beyond supported glossary substitutions.,Controlled text fixture; not public audio or measured ASR. Retrieval variant=fused_plus_llm_correction. Strict real LLM mode; no silent rule fallback. API output failed grounding validation; raw text was retained.
term_024,fr,hard,no_retrieval,le système de diary station utilise piano note,le système de diarization utilise pyannote,[],[],le système de diary station utilise piano note,"[""diarization"", ""pyannote""]",[],[],"[""diarization"", ""pyannote""]",[],False,False,False,,,,0.0,0.0,0.0,0.666667,0.666667,WER,,Controlled text fixture; not public audio or measured ASR. Retrieval variant=no_retrieval.
term_024,fr,hard,exact_glossary,le système de diary station utilise piano note,le système de diarization utilise pyannote,"[""diarization"", ""pyannote""]",[],le système de diary station utilise piano note,"[""diarization"", ""pyannote""]","[""diarization"", ""pyannote""]",[],[],[],False,False,False,,,,1.0,1.0,1.0,0.666667,0.666667,WER,,Controlled text fixture; not public audio or measured ASR. Retrieval variant=exact_glossary.
term_024,fr,hard,fuzzy,le système de diary station utilise piano note,le système de diarization utilise pyannote,"[""diarization"", ""pyannote""]",[],le système de diary station utilise piano note,"[""diarization"", ""pyannote""]","[""diarization"", ""pyannote""]",[],[],[],False,False,False,,,,1.0,1.0,1.0,0.666667,0.666667,WER,,Controlled text fixture; not public audio or measured ASR. Retrieval variant=fuzzy.
term_024,fr,hard,phonetic_like,le système de diary station utilise piano note,le système de diarization utilise pyannote,"[""diarization"", ""pyannote""]",[],le système de diary station utilise piano note,"[""diarization"", ""pyannote""]","[""diarization"", ""pyannote""]",[],[],[],False,False,False,,,,1.0,1.0,1.0,0.666667,0.666667,WER,,Controlled text fixture; not public audio or measured ASR. Retrieval variant=phonetic_like.
term_024,fr,hard,fused,le système de diary station utilise piano note,le système de diarization utilise pyannote,"[""diarization"", ""pyannote""]",[],le système de diary station utilise piano note,"[""diarization"", ""pyannote""]","[""diarization"", ""pyannote""]",[],[],[],False,False,False,,,,1.0,1.0,1.0,0.666667,0.666667,WER,,Controlled text fixture; not public audio or measured ASR. Retrieval variant=fused.
term_024,fr,hard,fused_plus_rule_correction,le système de diary station utilise piano note,le système de diarization utilise pyannote,"[""diarization"", ""pyannote""]","[""diary station -> diarization"", ""piano note -> pyannote""]",le système de diarization utilise pyannote,"[""diarization"", ""pyannote""]","[""diarization"", ""pyannote""]",[],[],[],False,False,False,,,talkweaver.correction.v1,1.0,1.0,1.0,0.666667,0.0,WER,,Controlled text fixture; not public audio or measured ASR. Retrieval variant=fused_plus_rule_correction.
term_024,fr,hard,fused_plus_llm_correction,le système de diary station utilise piano note,le système de diarization utilise pyannote,"[""diarization"", ""pyannote""]","[""diary station -> diarization"", ""piano note -> pyannote""]",le système de diarization utilise pyannote,"[""diarization"", ""pyannote""]","[""diarization"", ""pyannote""]",[],[],[],False,True,False,deepseek,deepseek-chat,talkweaver.correction.v1,1.0,1.0,1.0,0.666667,0.0,WER,,Controlled text fixture; not public audio or measured ASR. Retrieval variant=fused_plus_llm_correction. Strict real LLM mode; no silent rule fallback.
term_025,zh-CN,hard,no_retrieval,我们用 piano note 做 speaker diary station,我们用 pyannote 做 speaker diarization,[],[],我们用 piano note 做 speaker diary station,"[""pyannote"", ""speaker diarization""]",[],[],"[""pyannote"", ""speaker diarization""]",[],False,False,False,,,,0.0,0.0,0.0,0.166667,0.166667,CER,,Controlled text fixture; not public audio or measured ASR. Retrieval variant=no_retrieval.
term_025,zh-CN,hard,exact_glossary,我们用 piano note 做 speaker diary station,我们用 pyannote 做 speaker diarization,"[""diarization"", ""pyannote"", ""speaker diarization""]",[],我们用 piano note 做 speaker diary station,"[""pyannote"", ""speaker diarization""]","[""diarization"", ""pyannote"", ""speaker diarization""]",[],[],[],False,False,False,,,,1.0,1.0,1.0,0.166667,0.166667,CER,,Controlled text fixture; not public audio or measured ASR. Retrieval variant=exact_glossary.
term_025,zh-CN,hard,fuzzy,我们用 piano note 做 speaker diary station,我们用 pyannote 做 speaker diarization,"[""diarization"", ""pyannote"", ""speaker diarization""]",[],我们用 piano note 做 speaker diary station,"[""pyannote"", ""speaker diarization""]","[""diarization"", ""pyannote"", ""speaker diarization""]",[],[],[],False,False,False,,,,1.0,1.0,1.0,0.166667,0.166667,CER,,Controlled text fixture; not public audio or measured ASR. Retrieval variant=fuzzy.
term_025,zh-CN,hard,phonetic_like,我们用 piano note 做 speaker diary station,我们用 pyannote 做 speaker diarization,"[""diarization"", ""pyannote"", ""speaker diarization""]",[],我们用 piano note 做 speaker diary station,"[""pyannote"", ""speaker diarization""]","[""diarization"", ""pyannote"", ""speaker diarization""]",[],[],[],False,False,False,,,,1.0,1.0,1.0,0.166667,0.166667,CER,,Controlled text fixture; not public audio or measured ASR. Retrieval variant=phonetic_like.
term_025,zh-CN,hard,fused,我们用 piano note 做 speaker diary station,我们用 pyannote 做 speaker diarization,"[""diarization"", ""pyannote"", ""speaker diarization""]",[],我们用 piano note 做 speaker diary station,"[""pyannote"", ""speaker diarization""]","[""diarization"", ""pyannote"", ""speaker diarization""]",[],[],[],False,False,False,,,,1.0,1.0,1.0,0.166667,0.166667,CER,,Controlled text fixture; not public audio or measured ASR. Retrieval variant=fused.
term_025,zh-CN,hard,fused_plus_rule_correction,我们用 piano note 做 speaker diary station,我们用 pyannote 做 speaker diarization,"[""diarization"", ""pyannote"", ""speaker diarization""]","[""piano note -> pyannote"", ""speaker diary station -> speaker diarization""]",我们用 pyannote 做 speaker diarization,"[""pyannote"", ""speaker diarization""]","[""diarization"", ""pyannote"", ""speaker diarization""]",[],[],[],False,False,False,,,talkweaver.correction.v1,1.0,1.0,1.0,0.166667,0.0,CER,,Controlled text fixture; not public audio or measured ASR. Retrieval variant=fused_plus_rule_correction.
term_025,zh-CN,hard,fused_plus_llm_correction,我们用 piano note 做 speaker diary station,我们用 pyannote 做 speaker diarization,"[""diarization"", ""pyannote"", ""speaker diarization""]",[],我们用 piano note 做 speaker diary station,"[""pyannote"", ""speaker diarization""]","[""diarization"", ""pyannote"", ""speaker diarization""]",[],[],[],True,True,False,deepseek,deepseek-chat,talkweaver.correction.v1,1.0,1.0,1.0,0.166667,0.166667,CER,LLM correction failed for provider deepseek: Correction changed word order or content beyond supported glossary substitutions.,Controlled text fixture; not public audio or measured ASR. Retrieval variant=fused_plus_llm_correction. Strict real LLM mode; no silent rule fallback. API output failed grounding validation; raw text was retained.
