clip_id,dataset_name,language,variant,asr_model,uses_real_asr_prediction,uses_reference_speaker_time,uses_overlap_events,uses_term_rescue,uses_correction,num_anchors,num_speaker_labeled_anchors,num_overlap_anchors,num_events,num_term_candidates,num_term_rescues_applied,num_correction_audits,num_unsupported_changes,num_needs_review,conversation_map_path,asr_error_rate,asr_metric_name,corrected_error_rate,corrected_metric_name,anchor_coverage,speaker_evidence_available,overlap_evidence_available,term_reference_available,term_precision,term_recall,notes
fleurs_en_1548,Google FLEURS,en,asr_only,base,true,false,false,false,false,1,0,0,0,0,0,0,0,0,outputs/conversation_maps/ablation_real/asr_only/fleurs_en_1548_conversation_map.json,0.0,WER,,,1.0,true,false,false,,,Fixed Phase 2C real ASR prediction; no ASR rerun. Small-subset workflow ablation.
fleurs_en_1548,Google FLEURS,en,temporal_anchor_only,base,true,false,false,false,false,1,0,0,0,0,0,0,0,1,outputs/conversation_maps/ablation_real/temporal_anchor_only/fleurs_en_1548_conversation_map.json,0.0,WER,,,1.0,true,false,false,,,Fixed Phase 2C real ASR prediction; no ASR rerun. Small-subset workflow ablation.
fleurs_en_1548,Google FLEURS,en,reference_speaker_time,base,true,true,false,false,false,1,1,0,0,0,0,0,0,0,outputs/conversation_maps/ablation_real/reference_speaker_time/fleurs_en_1548_conversation_map.json,0.0,WER,,,1.0,true,false,false,,,"Fixed Phase 2C real ASR prediction; no ASR rerun. Small-subset workflow ablation. Reference speaker-time is oracle evidence, not automatic diarization."
fleurs_en_1548,Google FLEURS,en,overlap_aware,base,true,true,true,false,false,1,1,0,0,0,0,0,0,0,outputs/conversation_maps/ablation_real/overlap_aware/fleurs_en_1548_conversation_map.json,0.0,WER,,,1.0,true,false,false,,,"Fixed Phase 2C real ASR prediction; no ASR rerun. Small-subset workflow ablation. Reference speaker-time is oracle evidence, not automatic diarization."
fleurs_en_1548,Google FLEURS,en,term_rescue,base,true,true,true,true,false,1,1,0,0,0,0,0,0,0,outputs/conversation_maps/ablation_real/term_rescue/fleurs_en_1548_conversation_map.json,0.0,WER,,,1.0,true,false,false,,,"Fixed Phase 2C real ASR prediction; no ASR rerun. Small-subset workflow ablation. Reference speaker-time is oracle evidence, not automatic diarization. No technical-term metric available."
fleurs_en_1548,Google FLEURS,en,constrained_correction,base,true,true,true,true,true,1,1,0,0,0,0,1,0,0,outputs/conversation_maps/ablation_real/constrained_correction/fleurs_en_1548_conversation_map.json,0.0,WER,0.0,WER,1.0,true,false,false,,,"Fixed Phase 2C real ASR prediction; no ASR rerun. Small-subset workflow ablation. Reference speaker-time is oracle evidence, not automatic diarization. No technical-term metric available. Correction mode=no_api_rule_based."
fleurs_en_1548,Google FLEURS,en,full_talkweaver,base,true,true,true,true,true,1,1,0,0,0,0,1,0,0,outputs/conversation_maps/ablation_real/full_talkweaver/fleurs_en_1548_conversation_map.json,0.0,WER,0.0,WER,1.0,true,false,false,,,"Fixed Phase 2C real ASR prediction; no ASR rerun. Small-subset workflow ablation. Reference speaker-time is oracle evidence, not automatic diarization. No technical-term metric available. Correction mode=no_api_rule_based."
fleurs_en_1620,Google FLEURS,en,asr_only,base,true,false,false,false,false,1,0,0,0,0,0,0,0,0,outputs/conversation_maps/ablation_real/asr_only/fleurs_en_1620_conversation_map.json,0.121212,WER,,,1.0,true,false,false,,,Fixed Phase 2C real ASR prediction; no ASR rerun. Small-subset workflow ablation.
fleurs_en_1620,Google FLEURS,en,temporal_anchor_only,base,true,false,false,false,false,1,0,0,0,0,0,0,0,1,outputs/conversation_maps/ablation_real/temporal_anchor_only/fleurs_en_1620_conversation_map.json,0.121212,WER,,,1.0,true,false,false,,,Fixed Phase 2C real ASR prediction; no ASR rerun. Small-subset workflow ablation.
fleurs_en_1620,Google FLEURS,en,reference_speaker_time,base,true,true,false,false,false,1,1,0,0,0,0,0,0,0,outputs/conversation_maps/ablation_real/reference_speaker_time/fleurs_en_1620_conversation_map.json,0.121212,WER,,,1.0,true,false,false,,,"Fixed Phase 2C real ASR prediction; no ASR rerun. Small-subset workflow ablation. Reference speaker-time is oracle evidence, not automatic diarization."
fleurs_en_1620,Google FLEURS,en,overlap_aware,base,true,true,true,false,false,1,1,0,0,0,0,0,0,0,outputs/conversation_maps/ablation_real/overlap_aware/fleurs_en_1620_conversation_map.json,0.121212,WER,,,1.0,true,false,false,,,"Fixed Phase 2C real ASR prediction; no ASR rerun. Small-subset workflow ablation. Reference speaker-time is oracle evidence, not automatic diarization."
fleurs_en_1620,Google FLEURS,en,term_rescue,base,true,true,true,true,false,1,1,0,0,0,0,0,0,0,outputs/conversation_maps/ablation_real/term_rescue/fleurs_en_1620_conversation_map.json,0.121212,WER,,,1.0,true,false,false,,,"Fixed Phase 2C real ASR prediction; no ASR rerun. Small-subset workflow ablation. Reference speaker-time is oracle evidence, not automatic diarization. No technical-term metric available."
fleurs_en_1620,Google FLEURS,en,constrained_correction,base,true,true,true,true,true,1,1,0,0,0,0,1,0,0,outputs/conversation_maps/ablation_real/constrained_correction/fleurs_en_1620_conversation_map.json,0.121212,WER,0.121212,WER,1.0,true,false,false,,,"Fixed Phase 2C real ASR prediction; no ASR rerun. Small-subset workflow ablation. Reference speaker-time is oracle evidence, not automatic diarization. No technical-term metric available. Correction mode=no_api_rule_based."
fleurs_en_1620,Google FLEURS,en,full_talkweaver,base,true,true,true,true,true,1,1,0,0,0,0,1,0,0,outputs/conversation_maps/ablation_real/full_talkweaver/fleurs_en_1620_conversation_map.json,0.121212,WER,0.121212,WER,1.0,true,false,false,,,"Fixed Phase 2C real ASR prediction; no ASR rerun. Small-subset workflow ablation. Reference speaker-time is oracle evidence, not automatic diarization. No technical-term metric available. Correction mode=no_api_rule_based."
fleurs_en_1510,Google FLEURS,en,asr_only,base,true,false,false,false,false,1,0,0,0,0,0,0,0,0,outputs/conversation_maps/ablation_real/asr_only/fleurs_en_1510_conversation_map.json,0.05,WER,,,1.0,true,false,false,,,Fixed Phase 2C real ASR prediction; no ASR rerun. Small-subset workflow ablation.
fleurs_en_1510,Google FLEURS,en,temporal_anchor_only,base,true,false,false,false,false,1,0,0,0,0,0,0,0,1,outputs/conversation_maps/ablation_real/temporal_anchor_only/fleurs_en_1510_conversation_map.json,0.05,WER,,,1.0,true,false,false,,,Fixed Phase 2C real ASR prediction; no ASR rerun. Small-subset workflow ablation.
fleurs_en_1510,Google FLEURS,en,reference_speaker_time,base,true,true,false,false,false,1,1,0,0,0,0,0,0,0,outputs/conversation_maps/ablation_real/reference_speaker_time/fleurs_en_1510_conversation_map.json,0.05,WER,,,1.0,true,false,false,,,"Fixed Phase 2C real ASR prediction; no ASR rerun. Small-subset workflow ablation. Reference speaker-time is oracle evidence, not automatic diarization."
fleurs_en_1510,Google FLEURS,en,overlap_aware,base,true,true,true,false,false,1,1,0,0,0,0,0,0,0,outputs/conversation_maps/ablation_real/overlap_aware/fleurs_en_1510_conversation_map.json,0.05,WER,,,1.0,true,false,false,,,"Fixed Phase 2C real ASR prediction; no ASR rerun. Small-subset workflow ablation. Reference speaker-time is oracle evidence, not automatic diarization."
fleurs_en_1510,Google FLEURS,en,term_rescue,base,true,true,true,true,false,1,1,0,0,0,0,0,0,0,outputs/conversation_maps/ablation_real/term_rescue/fleurs_en_1510_conversation_map.json,0.05,WER,,,1.0,true,false,false,,,"Fixed Phase 2C real ASR prediction; no ASR rerun. Small-subset workflow ablation. Reference speaker-time is oracle evidence, not automatic diarization. No technical-term metric available."
fleurs_en_1510,Google FLEURS,en,constrained_correction,base,true,true,true,true,true,1,1,0,0,0,0,1,0,0,outputs/conversation_maps/ablation_real/constrained_correction/fleurs_en_1510_conversation_map.json,0.05,WER,0.05,WER,1.0,true,false,false,,,"Fixed Phase 2C real ASR prediction; no ASR rerun. Small-subset workflow ablation. Reference speaker-time is oracle evidence, not automatic diarization. No technical-term metric available. Correction mode=no_api_rule_based."
fleurs_en_1510,Google FLEURS,en,full_talkweaver,base,true,true,true,true,true,1,1,0,0,0,0,1,0,0,outputs/conversation_maps/ablation_real/full_talkweaver/fleurs_en_1510_conversation_map.json,0.05,WER,0.05,WER,1.0,true,false,false,,,"Fixed Phase 2C real ASR prediction; no ASR rerun. Small-subset workflow ablation. Reference speaker-time is oracle evidence, not automatic diarization. No technical-term metric available. Correction mode=no_api_rule_based."
fleurs_en_1578,Google FLEURS,en,asr_only,base,true,false,false,false,false,1,0,0,0,0,0,0,0,0,outputs/conversation_maps/ablation_real/asr_only/fleurs_en_1578_conversation_map.json,0.6,WER,,,1.0,true,false,false,,,Fixed Phase 2C real ASR prediction; no ASR rerun. Small-subset workflow ablation.
fleurs_en_1578,Google FLEURS,en,temporal_anchor_only,base,true,false,false,false,false,1,0,0,0,0,0,0,0,1,outputs/conversation_maps/ablation_real/temporal_anchor_only/fleurs_en_1578_conversation_map.json,0.6,WER,,,1.0,true,false,false,,,Fixed Phase 2C real ASR prediction; no ASR rerun. Small-subset workflow ablation.
fleurs_en_1578,Google FLEURS,en,reference_speaker_time,base,true,true,false,false,false,1,1,0,0,0,0,0,0,0,outputs/conversation_maps/ablation_real/reference_speaker_time/fleurs_en_1578_conversation_map.json,0.6,WER,,,1.0,true,false,false,,,"Fixed Phase 2C real ASR prediction; no ASR rerun. Small-subset workflow ablation. Reference speaker-time is oracle evidence, not automatic diarization."
fleurs_en_1578,Google FLEURS,en,overlap_aware,base,true,true,true,false,false,1,1,0,0,0,0,0,0,0,outputs/conversation_maps/ablation_real/overlap_aware/fleurs_en_1578_conversation_map.json,0.6,WER,,,1.0,true,false,false,,,"Fixed Phase 2C real ASR prediction; no ASR rerun. Small-subset workflow ablation. Reference speaker-time is oracle evidence, not automatic diarization."
fleurs_en_1578,Google FLEURS,en,term_rescue,base,true,true,true,true,false,1,1,0,0,0,0,0,0,0,outputs/conversation_maps/ablation_real/term_rescue/fleurs_en_1578_conversation_map.json,0.6,WER,,,1.0,true,false,false,,,"Fixed Phase 2C real ASR prediction; no ASR rerun. Small-subset workflow ablation. Reference speaker-time is oracle evidence, not automatic diarization. No technical-term metric available."
fleurs_en_1578,Google FLEURS,en,constrained_correction,base,true,true,true,true,true,1,1,0,0,0,0,1,0,0,outputs/conversation_maps/ablation_real/constrained_correction/fleurs_en_1578_conversation_map.json,0.6,WER,0.6,WER,1.0,true,false,false,,,"Fixed Phase 2C real ASR prediction; no ASR rerun. Small-subset workflow ablation. Reference speaker-time is oracle evidence, not automatic diarization. No technical-term metric available. Correction mode=no_api_rule_based."
fleurs_en_1578,Google FLEURS,en,full_talkweaver,base,true,true,true,true,true,1,1,0,0,0,0,1,0,0,outputs/conversation_maps/ablation_real/full_talkweaver/fleurs_en_1578_conversation_map.json,0.6,WER,0.6,WER,1.0,true,false,false,,,"Fixed Phase 2C real ASR prediction; no ASR rerun. Small-subset workflow ablation. Reference speaker-time is oracle evidence, not automatic diarization. No technical-term metric available. Correction mode=no_api_rule_based."
fleurs_en_1652,Google FLEURS,en,asr_only,base,true,false,false,false,false,1,0,0,0,0,0,0,0,0,outputs/conversation_maps/ablation_real/asr_only/fleurs_en_1652_conversation_map.json,0.0,WER,,,1.0,true,false,false,,,Fixed Phase 2C real ASR prediction; no ASR rerun. Small-subset workflow ablation.
fleurs_en_1652,Google FLEURS,en,temporal_anchor_only,base,true,false,false,false,false,1,0,0,0,0,0,0,0,1,outputs/conversation_maps/ablation_real/temporal_anchor_only/fleurs_en_1652_conversation_map.json,0.0,WER,,,1.0,true,false,false,,,Fixed Phase 2C real ASR prediction; no ASR rerun. Small-subset workflow ablation.
fleurs_en_1652,Google FLEURS,en,reference_speaker_time,base,true,true,false,false,false,1,1,0,0,0,0,0,0,0,outputs/conversation_maps/ablation_real/reference_speaker_time/fleurs_en_1652_conversation_map.json,0.0,WER,,,1.0,true,false,false,,,"Fixed Phase 2C real ASR prediction; no ASR rerun. Small-subset workflow ablation. Reference speaker-time is oracle evidence, not automatic diarization."
fleurs_en_1652,Google FLEURS,en,overlap_aware,base,true,true,true,false,false,1,1,0,0,0,0,0,0,0,outputs/conversation_maps/ablation_real/overlap_aware/fleurs_en_1652_conversation_map.json,0.0,WER,,,1.0,true,false,false,,,"Fixed Phase 2C real ASR prediction; no ASR rerun. Small-subset workflow ablation. Reference speaker-time is oracle evidence, not automatic diarization."
fleurs_en_1652,Google FLEURS,en,term_rescue,base,true,true,true,true,false,1,1,0,0,0,0,0,0,0,outputs/conversation_maps/ablation_real/term_rescue/fleurs_en_1652_conversation_map.json,0.0,WER,,,1.0,true,false,false,,,"Fixed Phase 2C real ASR prediction; no ASR rerun. Small-subset workflow ablation. Reference speaker-time is oracle evidence, not automatic diarization. No technical-term metric available."
fleurs_en_1652,Google FLEURS,en,constrained_correction,base,true,true,true,true,true,1,1,0,0,0,0,1,0,0,outputs/conversation_maps/ablation_real/constrained_correction/fleurs_en_1652_conversation_map.json,0.0,WER,0.0,WER,1.0,true,false,false,,,"Fixed Phase 2C real ASR prediction; no ASR rerun. Small-subset workflow ablation. Reference speaker-time is oracle evidence, not automatic diarization. No technical-term metric available. Correction mode=no_api_rule_based."
fleurs_en_1652,Google FLEURS,en,full_talkweaver,base,true,true,true,true,true,1,1,0,0,0,0,1,0,0,outputs/conversation_maps/ablation_real/full_talkweaver/fleurs_en_1652_conversation_map.json,0.0,WER,0.0,WER,1.0,true,false,false,,,"Fixed Phase 2C real ASR prediction; no ASR rerun. Small-subset workflow ablation. Reference speaker-time is oracle evidence, not automatic diarization. No technical-term metric available. Correction mode=no_api_rule_based."
fleurs_fr_1524,Google FLEURS,fr,asr_only,base,true,false,false,false,false,1,0,0,0,0,0,0,0,0,outputs/conversation_maps/ablation_real/asr_only/fleurs_fr_1524_conversation_map.json,0.105263,WER,,,1.0,true,false,false,,,Fixed Phase 2C real ASR prediction; no ASR rerun. Small-subset workflow ablation.
fleurs_fr_1524,Google FLEURS,fr,temporal_anchor_only,base,true,false,false,false,false,1,0,0,0,0,0,0,0,1,outputs/conversation_maps/ablation_real/temporal_anchor_only/fleurs_fr_1524_conversation_map.json,0.105263,WER,,,1.0,true,false,false,,,Fixed Phase 2C real ASR prediction; no ASR rerun. Small-subset workflow ablation.
fleurs_fr_1524,Google FLEURS,fr,reference_speaker_time,base,true,true,false,false,false,1,1,0,0,0,0,0,0,0,outputs/conversation_maps/ablation_real/reference_speaker_time/fleurs_fr_1524_conversation_map.json,0.105263,WER,,,1.0,true,false,false,,,"Fixed Phase 2C real ASR prediction; no ASR rerun. Small-subset workflow ablation. Reference speaker-time is oracle evidence, not automatic diarization."
fleurs_fr_1524,Google FLEURS,fr,overlap_aware,base,true,true,true,false,false,1,1,0,0,0,0,0,0,0,outputs/conversation_maps/ablation_real/overlap_aware/fleurs_fr_1524_conversation_map.json,0.105263,WER,,,1.0,true,false,false,,,"Fixed Phase 2C real ASR prediction; no ASR rerun. Small-subset workflow ablation. Reference speaker-time is oracle evidence, not automatic diarization."
fleurs_fr_1524,Google FLEURS,fr,term_rescue,base,true,true,true,true,false,1,1,0,0,0,0,0,0,0,outputs/conversation_maps/ablation_real/term_rescue/fleurs_fr_1524_conversation_map.json,0.105263,WER,,,1.0,true,false,false,,,"Fixed Phase 2C real ASR prediction; no ASR rerun. Small-subset workflow ablation. Reference speaker-time is oracle evidence, not automatic diarization. No technical-term metric available."
fleurs_fr_1524,Google FLEURS,fr,constrained_correction,base,true,true,true,true,true,1,1,0,0,0,0,1,0,0,outputs/conversation_maps/ablation_real/constrained_correction/fleurs_fr_1524_conversation_map.json,0.105263,WER,0.105263,WER,1.0,true,false,false,,,"Fixed Phase 2C real ASR prediction; no ASR rerun. Small-subset workflow ablation. Reference speaker-time is oracle evidence, not automatic diarization. No technical-term metric available. Correction mode=no_api_rule_based."
fleurs_fr_1524,Google FLEURS,fr,full_talkweaver,base,true,true,true,true,true,1,1,0,0,0,0,1,0,0,outputs/conversation_maps/ablation_real/full_talkweaver/fleurs_fr_1524_conversation_map.json,0.105263,WER,0.105263,WER,1.0,true,false,false,,,"Fixed Phase 2C real ASR prediction; no ASR rerun. Small-subset workflow ablation. Reference speaker-time is oracle evidence, not automatic diarization. No technical-term metric available. Correction mode=no_api_rule_based."
fleurs_fr_1570,Google FLEURS,fr,asr_only,base,true,false,false,false,false,1,0,0,0,0,0,0,0,0,outputs/conversation_maps/ablation_real/asr_only/fleurs_fr_1570_conversation_map.json,0.391304,WER,,,1.0,true,false,false,,,Fixed Phase 2C real ASR prediction; no ASR rerun. Small-subset workflow ablation.
fleurs_fr_1570,Google FLEURS,fr,temporal_anchor_only,base,true,false,false,false,false,1,0,0,0,0,0,0,0,1,outputs/conversation_maps/ablation_real/temporal_anchor_only/fleurs_fr_1570_conversation_map.json,0.391304,WER,,,1.0,true,false,false,,,Fixed Phase 2C real ASR prediction; no ASR rerun. Small-subset workflow ablation.
fleurs_fr_1570,Google FLEURS,fr,reference_speaker_time,base,true,true,false,false,false,1,1,0,0,0,0,0,0,0,outputs/conversation_maps/ablation_real/reference_speaker_time/fleurs_fr_1570_conversation_map.json,0.391304,WER,,,1.0,true,false,false,,,"Fixed Phase 2C real ASR prediction; no ASR rerun. Small-subset workflow ablation. Reference speaker-time is oracle evidence, not automatic diarization."
fleurs_fr_1570,Google FLEURS,fr,overlap_aware,base,true,true,true,false,false,1,1,0,0,0,0,0,0,0,outputs/conversation_maps/ablation_real/overlap_aware/fleurs_fr_1570_conversation_map.json,0.391304,WER,,,1.0,true,false,false,,,"Fixed Phase 2C real ASR prediction; no ASR rerun. Small-subset workflow ablation. Reference speaker-time is oracle evidence, not automatic diarization."
fleurs_fr_1570,Google FLEURS,fr,term_rescue,base,true,true,true,true,false,1,1,0,0,0,0,0,0,0,outputs/conversation_maps/ablation_real/term_rescue/fleurs_fr_1570_conversation_map.json,0.391304,WER,,,1.0,true,false,false,,,"Fixed Phase 2C real ASR prediction; no ASR rerun. Small-subset workflow ablation. Reference speaker-time is oracle evidence, not automatic diarization. No technical-term metric available."
fleurs_fr_1570,Google FLEURS,fr,constrained_correction,base,true,true,true,true,true,1,1,0,0,0,0,1,0,0,outputs/conversation_maps/ablation_real/constrained_correction/fleurs_fr_1570_conversation_map.json,0.391304,WER,0.391304,WER,1.0,true,false,false,,,"Fixed Phase 2C real ASR prediction; no ASR rerun. Small-subset workflow ablation. Reference speaker-time is oracle evidence, not automatic diarization. No technical-term metric available. Correction mode=no_api_rule_based."
fleurs_fr_1570,Google FLEURS,fr,full_talkweaver,base,true,true,true,true,true,1,1,0,0,0,0,1,0,0,outputs/conversation_maps/ablation_real/full_talkweaver/fleurs_fr_1570_conversation_map.json,0.391304,WER,0.391304,WER,1.0,true,false,false,,,"Fixed Phase 2C real ASR prediction; no ASR rerun. Small-subset workflow ablation. Reference speaker-time is oracle evidence, not automatic diarization. No technical-term metric available. Correction mode=no_api_rule_based."
fleurs_fr_1620,Google FLEURS,fr,asr_only,base,true,false,false,false,false,1,0,0,0,0,0,0,0,0,outputs/conversation_maps/ablation_real/asr_only/fleurs_fr_1620_conversation_map.json,0.317073,WER,,,1.0,true,false,false,,,Fixed Phase 2C real ASR prediction; no ASR rerun. Small-subset workflow ablation.
fleurs_fr_1620,Google FLEURS,fr,temporal_anchor_only,base,true,false,false,false,false,1,0,0,0,0,0,0,0,1,outputs/conversation_maps/ablation_real/temporal_anchor_only/fleurs_fr_1620_conversation_map.json,0.317073,WER,,,1.0,true,false,false,,,Fixed Phase 2C real ASR prediction; no ASR rerun. Small-subset workflow ablation.
fleurs_fr_1620,Google FLEURS,fr,reference_speaker_time,base,true,true,false,false,false,1,1,0,0,0,0,0,0,0,outputs/conversation_maps/ablation_real/reference_speaker_time/fleurs_fr_1620_conversation_map.json,0.317073,WER,,,1.0,true,false,false,,,"Fixed Phase 2C real ASR prediction; no ASR rerun. Small-subset workflow ablation. Reference speaker-time is oracle evidence, not automatic diarization."
fleurs_fr_1620,Google FLEURS,fr,overlap_aware,base,true,true,true,false,false,1,1,0,0,0,0,0,0,0,outputs/conversation_maps/ablation_real/overlap_aware/fleurs_fr_1620_conversation_map.json,0.317073,WER,,,1.0,true,false,false,,,"Fixed Phase 2C real ASR prediction; no ASR rerun. Small-subset workflow ablation. Reference speaker-time is oracle evidence, not automatic diarization."
fleurs_fr_1620,Google FLEURS,fr,term_rescue,base,true,true,true,true,false,1,1,0,0,0,0,0,0,0,outputs/conversation_maps/ablation_real/term_rescue/fleurs_fr_1620_conversation_map.json,0.317073,WER,,,1.0,true,false,false,,,"Fixed Phase 2C real ASR prediction; no ASR rerun. Small-subset workflow ablation. Reference speaker-time is oracle evidence, not automatic diarization. No technical-term metric available."
fleurs_fr_1620,Google FLEURS,fr,constrained_correction,base,true,true,true,true,true,1,1,0,0,0,0,1,0,0,outputs/conversation_maps/ablation_real/constrained_correction/fleurs_fr_1620_conversation_map.json,0.317073,WER,0.317073,WER,1.0,true,false,false,,,"Fixed Phase 2C real ASR prediction; no ASR rerun. Small-subset workflow ablation. Reference speaker-time is oracle evidence, not automatic diarization. No technical-term metric available. Correction mode=no_api_rule_based."
fleurs_fr_1620,Google FLEURS,fr,full_talkweaver,base,true,true,true,true,true,1,1,0,0,0,0,1,0,0,outputs/conversation_maps/ablation_real/full_talkweaver/fleurs_fr_1620_conversation_map.json,0.317073,WER,0.317073,WER,1.0,true,false,false,,,"Fixed Phase 2C real ASR prediction; no ASR rerun. Small-subset workflow ablation. Reference speaker-time is oracle evidence, not automatic diarization. No technical-term metric available. Correction mode=no_api_rule_based."
fleurs_fr_1533,Google FLEURS,fr,asr_only,base,true,false,false,false,false,1,0,0,0,0,0,0,0,0,outputs/conversation_maps/ablation_real/asr_only/fleurs_fr_1533_conversation_map.json,0.333333,WER,,,1.0,true,false,false,,,Fixed Phase 2C real ASR prediction; no ASR rerun. Small-subset workflow ablation.
fleurs_fr_1533,Google FLEURS,fr,temporal_anchor_only,base,true,false,false,false,false,1,0,0,0,0,0,0,0,1,outputs/conversation_maps/ablation_real/temporal_anchor_only/fleurs_fr_1533_conversation_map.json,0.333333,WER,,,1.0,true,false,false,,,Fixed Phase 2C real ASR prediction; no ASR rerun. Small-subset workflow ablation.
fleurs_fr_1533,Google FLEURS,fr,reference_speaker_time,base,true,true,false,false,false,1,1,0,0,0,0,0,0,0,outputs/conversation_maps/ablation_real/reference_speaker_time/fleurs_fr_1533_conversation_map.json,0.333333,WER,,,1.0,true,false,false,,,"Fixed Phase 2C real ASR prediction; no ASR rerun. Small-subset workflow ablation. Reference speaker-time is oracle evidence, not automatic diarization."
fleurs_fr_1533,Google FLEURS,fr,overlap_aware,base,true,true,true,false,false,1,1,0,0,0,0,0,0,0,outputs/conversation_maps/ablation_real/overlap_aware/fleurs_fr_1533_conversation_map.json,0.333333,WER,,,1.0,true,false,false,,,"Fixed Phase 2C real ASR prediction; no ASR rerun. Small-subset workflow ablation. Reference speaker-time is oracle evidence, not automatic diarization."
fleurs_fr_1533,Google FLEURS,fr,term_rescue,base,true,true,true,true,false,1,1,0,0,0,0,0,0,0,outputs/conversation_maps/ablation_real/term_rescue/fleurs_fr_1533_conversation_map.json,0.333333,WER,,,1.0,true,false,false,,,"Fixed Phase 2C real ASR prediction; no ASR rerun. Small-subset workflow ablation. Reference speaker-time is oracle evidence, not automatic diarization. No technical-term metric available."
fleurs_fr_1533,Google FLEURS,fr,constrained_correction,base,true,true,true,true,true,1,1,0,0,0,0,1,0,0,outputs/conversation_maps/ablation_real/constrained_correction/fleurs_fr_1533_conversation_map.json,0.333333,WER,0.333333,WER,1.0,true,false,false,,,"Fixed Phase 2C real ASR prediction; no ASR rerun. Small-subset workflow ablation. Reference speaker-time is oracle evidence, not automatic diarization. No technical-term metric available. Correction mode=no_api_rule_based."
fleurs_fr_1533,Google FLEURS,fr,full_talkweaver,base,true,true,true,true,true,1,1,0,0,0,0,1,0,0,outputs/conversation_maps/ablation_real/full_talkweaver/fleurs_fr_1533_conversation_map.json,0.333333,WER,0.333333,WER,1.0,true,false,false,,,"Fixed Phase 2C real ASR prediction; no ASR rerun. Small-subset workflow ablation. Reference speaker-time is oracle evidence, not automatic diarization. No technical-term metric available. Correction mode=no_api_rule_based."
fleurs_fr_1652,Google FLEURS,fr,asr_only,base,true,false,false,false,false,1,0,0,0,0,0,0,0,0,outputs/conversation_maps/ablation_real/asr_only/fleurs_fr_1652_conversation_map.json,0.222222,WER,,,1.0,true,false,false,,,Fixed Phase 2C real ASR prediction; no ASR rerun. Small-subset workflow ablation.
fleurs_fr_1652,Google FLEURS,fr,temporal_anchor_only,base,true,false,false,false,false,1,0,0,0,0,0,0,0,1,outputs/conversation_maps/ablation_real/temporal_anchor_only/fleurs_fr_1652_conversation_map.json,0.222222,WER,,,1.0,true,false,false,,,Fixed Phase 2C real ASR prediction; no ASR rerun. Small-subset workflow ablation.
fleurs_fr_1652,Google FLEURS,fr,reference_speaker_time,base,true,true,false,false,false,1,1,0,0,0,0,0,0,0,outputs/conversation_maps/ablation_real/reference_speaker_time/fleurs_fr_1652_conversation_map.json,0.222222,WER,,,1.0,true,false,false,,,"Fixed Phase 2C real ASR prediction; no ASR rerun. Small-subset workflow ablation. Reference speaker-time is oracle evidence, not automatic diarization."
fleurs_fr_1652,Google FLEURS,fr,overlap_aware,base,true,true,true,false,false,1,1,0,0,0,0,0,0,0,outputs/conversation_maps/ablation_real/overlap_aware/fleurs_fr_1652_conversation_map.json,0.222222,WER,,,1.0,true,false,false,,,"Fixed Phase 2C real ASR prediction; no ASR rerun. Small-subset workflow ablation. Reference speaker-time is oracle evidence, not automatic diarization."
fleurs_fr_1652,Google FLEURS,fr,term_rescue,base,true,true,true,true,false,1,1,0,0,0,0,0,0,0,outputs/conversation_maps/ablation_real/term_rescue/fleurs_fr_1652_conversation_map.json,0.222222,WER,,,1.0,true,false,false,,,"Fixed Phase 2C real ASR prediction; no ASR rerun. Small-subset workflow ablation. Reference speaker-time is oracle evidence, not automatic diarization. No technical-term metric available."
fleurs_fr_1652,Google FLEURS,fr,constrained_correction,base,true,true,true,true,true,1,1,0,0,0,0,1,0,0,outputs/conversation_maps/ablation_real/constrained_correction/fleurs_fr_1652_conversation_map.json,0.222222,WER,0.222222,WER,1.0,true,false,false,,,"Fixed Phase 2C real ASR prediction; no ASR rerun. Small-subset workflow ablation. Reference speaker-time is oracle evidence, not automatic diarization. No technical-term metric available. Correction mode=no_api_rule_based."
fleurs_fr_1652,Google FLEURS,fr,full_talkweaver,base,true,true,true,true,true,1,1,0,0,0,0,1,0,0,outputs/conversation_maps/ablation_real/full_talkweaver/fleurs_fr_1652_conversation_map.json,0.222222,WER,0.222222,WER,1.0,true,false,false,,,"Fixed Phase 2C real ASR prediction; no ASR rerun. Small-subset workflow ablation. Reference speaker-time is oracle evidence, not automatic diarization. No technical-term metric available. Correction mode=no_api_rule_based."
fleurs_zh_cn_1579,Google FLEURS,zh-CN,asr_only,base,true,false,false,false,false,1,0,0,0,0,0,0,0,0,outputs/conversation_maps/ablation_real/asr_only/fleurs_zh_cn_1579_conversation_map.json,0.022727,CER,,,1.0,true,false,false,,,Fixed Phase 2C real ASR prediction; no ASR rerun. Small-subset workflow ablation.
fleurs_zh_cn_1579,Google FLEURS,zh-CN,temporal_anchor_only,base,true,false,false,false,false,1,0,0,0,0,0,0,0,1,outputs/conversation_maps/ablation_real/temporal_anchor_only/fleurs_zh_cn_1579_conversation_map.json,0.022727,CER,,,1.0,true,false,false,,,Fixed Phase 2C real ASR prediction; no ASR rerun. Small-subset workflow ablation.
fleurs_zh_cn_1579,Google FLEURS,zh-CN,reference_speaker_time,base,true,true,false,false,false,1,1,0,0,0,0,0,0,0,outputs/conversation_maps/ablation_real/reference_speaker_time/fleurs_zh_cn_1579_conversation_map.json,0.022727,CER,,,1.0,true,false,false,,,"Fixed Phase 2C real ASR prediction; no ASR rerun. Small-subset workflow ablation. Reference speaker-time is oracle evidence, not automatic diarization."
fleurs_zh_cn_1579,Google FLEURS,zh-CN,overlap_aware,base,true,true,true,false,false,1,1,0,0,0,0,0,0,0,outputs/conversation_maps/ablation_real/overlap_aware/fleurs_zh_cn_1579_conversation_map.json,0.022727,CER,,,1.0,true,false,false,,,"Fixed Phase 2C real ASR prediction; no ASR rerun. Small-subset workflow ablation. Reference speaker-time is oracle evidence, not automatic diarization."
fleurs_zh_cn_1579,Google FLEURS,zh-CN,term_rescue,base,true,true,true,true,false,1,1,0,0,0,0,0,0,0,outputs/conversation_maps/ablation_real/term_rescue/fleurs_zh_cn_1579_conversation_map.json,0.022727,CER,,,1.0,true,false,false,,,"Fixed Phase 2C real ASR prediction; no ASR rerun. Small-subset workflow ablation. Reference speaker-time is oracle evidence, not automatic diarization. No technical-term metric available."
fleurs_zh_cn_1579,Google FLEURS,zh-CN,constrained_correction,base,true,true,true,true,true,1,1,0,0,0,0,1,0,0,outputs/conversation_maps/ablation_real/constrained_correction/fleurs_zh_cn_1579_conversation_map.json,0.022727,CER,0.022727,CER,1.0,true,false,false,,,"Fixed Phase 2C real ASR prediction; no ASR rerun. Small-subset workflow ablation. Reference speaker-time is oracle evidence, not automatic diarization. No technical-term metric available. Correction mode=no_api_rule_based."
fleurs_zh_cn_1579,Google FLEURS,zh-CN,full_talkweaver,base,true,true,true,true,true,1,1,0,0,0,0,1,0,0,outputs/conversation_maps/ablation_real/full_talkweaver/fleurs_zh_cn_1579_conversation_map.json,0.022727,CER,0.022727,CER,1.0,true,false,false,,,"Fixed Phase 2C real ASR prediction; no ASR rerun. Small-subset workflow ablation. Reference speaker-time is oracle evidence, not automatic diarization. No technical-term metric available. Correction mode=no_api_rule_based."
fleurs_zh_cn_1605,Google FLEURS,zh-CN,asr_only,base,true,false,false,false,false,1,0,0,0,0,0,0,0,0,outputs/conversation_maps/ablation_real/asr_only/fleurs_zh_cn_1605_conversation_map.json,0.2,CER,,,1.0,true,false,false,,,Fixed Phase 2C real ASR prediction; no ASR rerun. Small-subset workflow ablation.
fleurs_zh_cn_1605,Google FLEURS,zh-CN,temporal_anchor_only,base,true,false,false,false,false,1,0,0,0,0,0,0,0,1,outputs/conversation_maps/ablation_real/temporal_anchor_only/fleurs_zh_cn_1605_conversation_map.json,0.2,CER,,,1.0,true,false,false,,,Fixed Phase 2C real ASR prediction; no ASR rerun. Small-subset workflow ablation.
fleurs_zh_cn_1605,Google FLEURS,zh-CN,reference_speaker_time,base,true,true,false,false,false,1,1,0,0,0,0,0,0,0,outputs/conversation_maps/ablation_real/reference_speaker_time/fleurs_zh_cn_1605_conversation_map.json,0.2,CER,,,1.0,true,false,false,,,"Fixed Phase 2C real ASR prediction; no ASR rerun. Small-subset workflow ablation. Reference speaker-time is oracle evidence, not automatic diarization."
fleurs_zh_cn_1605,Google FLEURS,zh-CN,overlap_aware,base,true,true,true,false,false,1,1,0,0,0,0,0,0,0,outputs/conversation_maps/ablation_real/overlap_aware/fleurs_zh_cn_1605_conversation_map.json,0.2,CER,,,1.0,true,false,false,,,"Fixed Phase 2C real ASR prediction; no ASR rerun. Small-subset workflow ablation. Reference speaker-time is oracle evidence, not automatic diarization."
fleurs_zh_cn_1605,Google FLEURS,zh-CN,term_rescue,base,true,true,true,true,false,1,1,0,0,0,0,0,0,0,outputs/conversation_maps/ablation_real/term_rescue/fleurs_zh_cn_1605_conversation_map.json,0.2,CER,,,1.0,true,false,false,,,"Fixed Phase 2C real ASR prediction; no ASR rerun. Small-subset workflow ablation. Reference speaker-time is oracle evidence, not automatic diarization. No technical-term metric available."
fleurs_zh_cn_1605,Google FLEURS,zh-CN,constrained_correction,base,true,true,true,true,true,1,1,0,0,0,0,1,0,0,outputs/conversation_maps/ablation_real/constrained_correction/fleurs_zh_cn_1605_conversation_map.json,0.2,CER,0.2,CER,1.0,true,false,false,,,"Fixed Phase 2C real ASR prediction; no ASR rerun. Small-subset workflow ablation. Reference speaker-time is oracle evidence, not automatic diarization. No technical-term metric available. Correction mode=no_api_rule_based."
fleurs_zh_cn_1605,Google FLEURS,zh-CN,full_talkweaver,base,true,true,true,true,true,1,1,0,0,0,0,1,0,0,outputs/conversation_maps/ablation_real/full_talkweaver/fleurs_zh_cn_1605_conversation_map.json,0.2,CER,0.2,CER,1.0,true,false,false,,,"Fixed Phase 2C real ASR prediction; no ASR rerun. Small-subset workflow ablation. Reference speaker-time is oracle evidence, not automatic diarization. No technical-term metric available. Correction mode=no_api_rule_based."
fleurs_zh_cn_1581,Google FLEURS,zh-CN,asr_only,base,true,false,false,false,false,1,0,0,0,0,0,0,0,0,outputs/conversation_maps/ablation_real/asr_only/fleurs_zh_cn_1581_conversation_map.json,0.115385,CER,,,1.0,true,false,false,,,Fixed Phase 2C real ASR prediction; no ASR rerun. Small-subset workflow ablation.
fleurs_zh_cn_1581,Google FLEURS,zh-CN,temporal_anchor_only,base,true,false,false,false,false,1,0,0,0,0,0,0,0,1,outputs/conversation_maps/ablation_real/temporal_anchor_only/fleurs_zh_cn_1581_conversation_map.json,0.115385,CER,,,1.0,true,false,false,,,Fixed Phase 2C real ASR prediction; no ASR rerun. Small-subset workflow ablation.
fleurs_zh_cn_1581,Google FLEURS,zh-CN,reference_speaker_time,base,true,true,false,false,false,1,1,0,0,0,0,0,0,0,outputs/conversation_maps/ablation_real/reference_speaker_time/fleurs_zh_cn_1581_conversation_map.json,0.115385,CER,,,1.0,true,false,false,,,"Fixed Phase 2C real ASR prediction; no ASR rerun. Small-subset workflow ablation. Reference speaker-time is oracle evidence, not automatic diarization."
fleurs_zh_cn_1581,Google FLEURS,zh-CN,overlap_aware,base,true,true,true,false,false,1,1,0,0,0,0,0,0,0,outputs/conversation_maps/ablation_real/overlap_aware/fleurs_zh_cn_1581_conversation_map.json,0.115385,CER,,,1.0,true,false,false,,,"Fixed Phase 2C real ASR prediction; no ASR rerun. Small-subset workflow ablation. Reference speaker-time is oracle evidence, not automatic diarization."
fleurs_zh_cn_1581,Google FLEURS,zh-CN,term_rescue,base,true,true,true,true,false,1,1,0,0,0,0,0,0,0,outputs/conversation_maps/ablation_real/term_rescue/fleurs_zh_cn_1581_conversation_map.json,0.115385,CER,,,1.0,true,false,false,,,"Fixed Phase 2C real ASR prediction; no ASR rerun. Small-subset workflow ablation. Reference speaker-time is oracle evidence, not automatic diarization. No technical-term metric available."
fleurs_zh_cn_1581,Google FLEURS,zh-CN,constrained_correction,base,true,true,true,true,true,1,1,0,0,0,0,1,0,0,outputs/conversation_maps/ablation_real/constrained_correction/fleurs_zh_cn_1581_conversation_map.json,0.115385,CER,0.115385,CER,1.0,true,false,false,,,"Fixed Phase 2C real ASR prediction; no ASR rerun. Small-subset workflow ablation. Reference speaker-time is oracle evidence, not automatic diarization. No technical-term metric available. Correction mode=no_api_rule_based."
fleurs_zh_cn_1581,Google FLEURS,zh-CN,full_talkweaver,base,true,true,true,true,true,1,1,0,0,0,0,1,0,0,outputs/conversation_maps/ablation_real/full_talkweaver/fleurs_zh_cn_1581_conversation_map.json,0.115385,CER,0.115385,CER,1.0,true,false,false,,,"Fixed Phase 2C real ASR prediction; no ASR rerun. Small-subset workflow ablation. Reference speaker-time is oracle evidence, not automatic diarization. No technical-term metric available. Correction mode=no_api_rule_based."
fleurs_zh_cn_1648,Google FLEURS,zh-CN,asr_only,base,true,false,false,false,false,1,0,0,0,0,0,0,0,0,outputs/conversation_maps/ablation_real/asr_only/fleurs_zh_cn_1648_conversation_map.json,0.066667,CER,,,1.0,true,false,false,,,Fixed Phase 2C real ASR prediction; no ASR rerun. Small-subset workflow ablation.
fleurs_zh_cn_1648,Google FLEURS,zh-CN,temporal_anchor_only,base,true,false,false,false,false,1,0,0,0,0,0,0,0,1,outputs/conversation_maps/ablation_real/temporal_anchor_only/fleurs_zh_cn_1648_conversation_map.json,0.066667,CER,,,1.0,true,false,false,,,Fixed Phase 2C real ASR prediction; no ASR rerun. Small-subset workflow ablation.
fleurs_zh_cn_1648,Google FLEURS,zh-CN,reference_speaker_time,base,true,true,false,false,false,1,1,0,0,0,0,0,0,0,outputs/conversation_maps/ablation_real/reference_speaker_time/fleurs_zh_cn_1648_conversation_map.json,0.066667,CER,,,1.0,true,false,false,,,"Fixed Phase 2C real ASR prediction; no ASR rerun. Small-subset workflow ablation. Reference speaker-time is oracle evidence, not automatic diarization."
fleurs_zh_cn_1648,Google FLEURS,zh-CN,overlap_aware,base,true,true,true,false,false,1,1,0,0,0,0,0,0,0,outputs/conversation_maps/ablation_real/overlap_aware/fleurs_zh_cn_1648_conversation_map.json,0.066667,CER,,,1.0,true,false,false,,,"Fixed Phase 2C real ASR prediction; no ASR rerun. Small-subset workflow ablation. Reference speaker-time is oracle evidence, not automatic diarization."
fleurs_zh_cn_1648,Google FLEURS,zh-CN,term_rescue,base,true,true,true,true,false,1,1,0,0,0,0,0,0,0,outputs/conversation_maps/ablation_real/term_rescue/fleurs_zh_cn_1648_conversation_map.json,0.066667,CER,,,1.0,true,false,false,,,"Fixed Phase 2C real ASR prediction; no ASR rerun. Small-subset workflow ablation. Reference speaker-time is oracle evidence, not automatic diarization. No technical-term metric available."
fleurs_zh_cn_1648,Google FLEURS,zh-CN,constrained_correction,base,true,true,true,true,true,1,1,0,0,0,0,1,0,0,outputs/conversation_maps/ablation_real/constrained_correction/fleurs_zh_cn_1648_conversation_map.json,0.066667,CER,0.066667,CER,1.0,true,false,false,,,"Fixed Phase 2C real ASR prediction; no ASR rerun. Small-subset workflow ablation. Reference speaker-time is oracle evidence, not automatic diarization. No technical-term metric available. Correction mode=no_api_rule_based."
fleurs_zh_cn_1648,Google FLEURS,zh-CN,full_talkweaver,base,true,true,true,true,true,1,1,0,0,0,0,1,0,0,outputs/conversation_maps/ablation_real/full_talkweaver/fleurs_zh_cn_1648_conversation_map.json,0.066667,CER,0.066667,CER,1.0,true,false,false,,,"Fixed Phase 2C real ASR prediction; no ASR rerun. Small-subset workflow ablation. Reference speaker-time is oracle evidence, not automatic diarization. No technical-term metric available. Correction mode=no_api_rule_based."
fleurs_zh_cn_1588,Google FLEURS,zh-CN,asr_only,base,true,false,false,false,false,1,0,0,0,0,0,0,0,0,outputs/conversation_maps/ablation_real/asr_only/fleurs_zh_cn_1588_conversation_map.json,0.043478,CER,,,1.0,true,false,false,,,Fixed Phase 2C real ASR prediction; no ASR rerun. Small-subset workflow ablation.
fleurs_zh_cn_1588,Google FLEURS,zh-CN,temporal_anchor_only,base,true,false,false,false,false,1,0,0,0,0,0,0,0,1,outputs/conversation_maps/ablation_real/temporal_anchor_only/fleurs_zh_cn_1588_conversation_map.json,0.043478,CER,,,1.0,true,false,false,,,Fixed Phase 2C real ASR prediction; no ASR rerun. Small-subset workflow ablation.
fleurs_zh_cn_1588,Google FLEURS,zh-CN,reference_speaker_time,base,true,true,false,false,false,1,1,0,0,0,0,0,0,0,outputs/conversation_maps/ablation_real/reference_speaker_time/fleurs_zh_cn_1588_conversation_map.json,0.043478,CER,,,1.0,true,false,false,,,"Fixed Phase 2C real ASR prediction; no ASR rerun. Small-subset workflow ablation. Reference speaker-time is oracle evidence, not automatic diarization."
fleurs_zh_cn_1588,Google FLEURS,zh-CN,overlap_aware,base,true,true,true,false,false,1,1,0,0,0,0,0,0,0,outputs/conversation_maps/ablation_real/overlap_aware/fleurs_zh_cn_1588_conversation_map.json,0.043478,CER,,,1.0,true,false,false,,,"Fixed Phase 2C real ASR prediction; no ASR rerun. Small-subset workflow ablation. Reference speaker-time is oracle evidence, not automatic diarization."
fleurs_zh_cn_1588,Google FLEURS,zh-CN,term_rescue,base,true,true,true,true,false,1,1,0,0,0,0,0,0,0,outputs/conversation_maps/ablation_real/term_rescue/fleurs_zh_cn_1588_conversation_map.json,0.043478,CER,,,1.0,true,false,false,,,"Fixed Phase 2C real ASR prediction; no ASR rerun. Small-subset workflow ablation. Reference speaker-time is oracle evidence, not automatic diarization. No technical-term metric available."
fleurs_zh_cn_1588,Google FLEURS,zh-CN,constrained_correction,base,true,true,true,true,true,1,1,0,0,0,0,1,0,0,outputs/conversation_maps/ablation_real/constrained_correction/fleurs_zh_cn_1588_conversation_map.json,0.043478,CER,0.043478,CER,1.0,true,false,false,,,"Fixed Phase 2C real ASR prediction; no ASR rerun. Small-subset workflow ablation. Reference speaker-time is oracle evidence, not automatic diarization. No technical-term metric available. Correction mode=no_api_rule_based."
fleurs_zh_cn_1588,Google FLEURS,zh-CN,full_talkweaver,base,true,true,true,true,true,1,1,0,0,0,0,1,0,0,outputs/conversation_maps/ablation_real/full_talkweaver/fleurs_zh_cn_1588_conversation_map.json,0.043478,CER,0.043478,CER,1.0,true,false,false,,,"Fixed Phase 2C real ASR prediction; no ASR rerun. Small-subset workflow ablation. Reference speaker-time is oracle evidence, not automatic diarization. No technical-term metric available. Correction mode=no_api_rule_based."
ami_es2002a_01,AMI Meeting Corpus,en,asr_only,base,true,false,false,false,false,1,0,0,0,0,0,0,0,0,outputs/conversation_maps/ablation_real/asr_only/ami_es2002a_01_conversation_map.json,0.5625,WER,,,1.0,true,true,false,,,Fixed Phase 2C real ASR prediction; no ASR rerun. Small-subset workflow ablation.
ami_es2002a_01,AMI Meeting Corpus,en,temporal_anchor_only,base,true,false,false,false,false,3,0,0,0,0,0,0,0,3,outputs/conversation_maps/ablation_real/temporal_anchor_only/ami_es2002a_01_conversation_map.json,0.5625,WER,,,0.737302,true,true,false,,,Fixed Phase 2C real ASR prediction; no ASR rerun. Small-subset workflow ablation.
ami_es2002a_01,AMI Meeting Corpus,en,reference_speaker_time,base,true,true,false,false,false,3,1,0,0,0,0,0,0,2,outputs/conversation_maps/ablation_real/reference_speaker_time/ami_es2002a_01_conversation_map.json,0.5625,WER,,,0.737302,true,true,false,,,"Fixed Phase 2C real ASR prediction; no ASR rerun. Small-subset workflow ablation. Reference speaker-time is oracle evidence, not automatic diarization."
ami_es2002a_01,AMI Meeting Corpus,en,overlap_aware,base,true,true,true,false,false,3,1,1,1,0,0,0,0,3,outputs/conversation_maps/ablation_real/overlap_aware/ami_es2002a_01_conversation_map.json,0.5625,WER,,,0.737302,true,true,false,,,"Fixed Phase 2C real ASR prediction; no ASR rerun. Small-subset workflow ablation. Reference speaker-time is oracle evidence, not automatic diarization."
ami_es2002a_01,AMI Meeting Corpus,en,term_rescue,base,true,true,true,true,false,3,1,1,1,0,0,0,0,3,outputs/conversation_maps/ablation_real/term_rescue/ami_es2002a_01_conversation_map.json,0.5625,WER,,,0.737302,true,true,false,,,"Fixed Phase 2C real ASR prediction; no ASR rerun. Small-subset workflow ablation. Reference speaker-time is oracle evidence, not automatic diarization. No technical-term metric available."
ami_es2002a_01,AMI Meeting Corpus,en,constrained_correction,base,true,true,true,true,true,3,1,1,1,0,0,3,0,3,outputs/conversation_maps/ablation_real/constrained_correction/ami_es2002a_01_conversation_map.json,0.5625,WER,0.5625,WER,0.737302,true,true,false,,,"Fixed Phase 2C real ASR prediction; no ASR rerun. Small-subset workflow ablation. Reference speaker-time is oracle evidence, not automatic diarization. No technical-term metric available. Correction mode=no_api_rule_based."
ami_es2002a_01,AMI Meeting Corpus,en,full_talkweaver,base,true,true,true,true,true,3,1,1,1,0,0,3,0,3,outputs/conversation_maps/ablation_real/full_talkweaver/ami_es2002a_01_conversation_map.json,0.5625,WER,0.5625,WER,0.737302,true,true,false,,,"Fixed Phase 2C real ASR prediction; no ASR rerun. Small-subset workflow ablation. Reference speaker-time is oracle evidence, not automatic diarization. No technical-term metric available. Correction mode=no_api_rule_based."
ami_es2002a_02,AMI Meeting Corpus,en,asr_only,base,true,false,false,false,false,1,0,0,0,0,0,0,0,0,outputs/conversation_maps/ablation_real/asr_only/ami_es2002a_02_conversation_map.json,0.178571,WER,,,1.0,true,true,false,,,Fixed Phase 2C real ASR prediction; no ASR rerun. Small-subset workflow ablation.
ami_es2002a_02,AMI Meeting Corpus,en,temporal_anchor_only,base,true,false,false,false,false,1,0,0,0,0,0,0,0,1,outputs/conversation_maps/ablation_real/temporal_anchor_only/ami_es2002a_02_conversation_map.json,0.178571,WER,,,1.0,true,true,false,,,Fixed Phase 2C real ASR prediction; no ASR rerun. Small-subset workflow ablation.
ami_es2002a_02,AMI Meeting Corpus,en,reference_speaker_time,base,true,true,false,false,false,7,6,0,0,0,0,0,0,1,outputs/conversation_maps/ablation_real/reference_speaker_time/ami_es2002a_02_conversation_map.json,0.178571,WER,,,1.0,true,true,false,,,"Fixed Phase 2C real ASR prediction; no ASR rerun. Small-subset workflow ablation. Reference speaker-time is oracle evidence, not automatic diarization."
ami_es2002a_02,AMI Meeting Corpus,en,overlap_aware,base,true,true,true,false,false,7,7,3,4,0,0,0,0,3,outputs/conversation_maps/ablation_real/overlap_aware/ami_es2002a_02_conversation_map.json,0.178571,WER,,,1.0,true,true,false,,,"Fixed Phase 2C real ASR prediction; no ASR rerun. Small-subset workflow ablation. Reference speaker-time is oracle evidence, not automatic diarization."
ami_es2002a_02,AMI Meeting Corpus,en,term_rescue,base,true,true,true,true,false,7,7,3,4,0,0,0,0,3,outputs/conversation_maps/ablation_real/term_rescue/ami_es2002a_02_conversation_map.json,0.178571,WER,,,1.0,true,true,false,,,"Fixed Phase 2C real ASR prediction; no ASR rerun. Small-subset workflow ablation. Reference speaker-time is oracle evidence, not automatic diarization. No technical-term metric available."
ami_es2002a_02,AMI Meeting Corpus,en,constrained_correction,base,true,true,true,true,true,7,7,3,4,0,0,7,0,3,outputs/conversation_maps/ablation_real/constrained_correction/ami_es2002a_02_conversation_map.json,0.178571,WER,0.178571,WER,1.0,true,true,false,,,"Fixed Phase 2C real ASR prediction; no ASR rerun. Small-subset workflow ablation. Reference speaker-time is oracle evidence, not automatic diarization. No technical-term metric available. Correction mode=no_api_rule_based."
ami_es2002a_02,AMI Meeting Corpus,en,full_talkweaver,base,true,true,true,true,true,7,7,3,4,0,0,7,0,3,outputs/conversation_maps/ablation_real/full_talkweaver/ami_es2002a_02_conversation_map.json,0.178571,WER,0.178571,WER,1.0,true,true,false,,,"Fixed Phase 2C real ASR prediction; no ASR rerun. Small-subset workflow ablation. Reference speaker-time is oracle evidence, not automatic diarization. No technical-term metric available. Correction mode=no_api_rule_based."
